"rgn_id","product","year","tonnes_rel"
12,"fish_oil",1976,0.699908593622843
4,"fish_oil",1976,0.699908593622843
8,"fish_oil",1976,0.699908593622843
10,"fish_oil",1976,0.699908593622843
2,"fish_oil",1976,0.699908593622843
14,"fish_oil",1976,0.699908593622843
7,"fish_oil",1976,0.699908593622843
11,"fish_oil",1976,0.699908593622843
5,"fish_oil",1976,0.699908593622843
3,"fish_oil",1976,0.699908593622843
1,"fish_oil",1976,0.699908593622843
9,"fish_oil",1976,0.699908593622843
6,"fish_oil",1976,0.699908593622843
13,"fish_oil",1976,0.699908593622843
12,"fish_oil",1977,0.674995404926538
4,"fish_oil",1977,0.674995404926538
8,"fish_oil",1977,0.674995404926538
10,"fish_oil",1977,0.674995404926538
2,"fish_oil",1977,0.674995404926538
14,"fish_oil",1977,0.674995404926538
7,"fish_oil",1977,0.674995404926538
11,"fish_oil",1977,0.674995404926538
5,"fish_oil",1977,0.674995404926538
3,"fish_oil",1977,0.674995404926538
1,"fish_oil",1977,0.674995404926538
9,"fish_oil",1977,0.674995404926538
6,"fish_oil",1977,0.674995404926538
13,"fish_oil",1977,0.674995404926538
12,"fish_oil",1978,0.719518881884023
4,"fish_oil",1978,0.719518881884023
8,"fish_oil",1978,0.719518881884023
10,"fish_oil",1978,0.719518881884023
2,"fish_oil",1978,0.719518881884023
14,"fish_oil",1978,0.719518881884023
7,"fish_oil",1978,0.719518881884023
11,"fish_oil",1978,0.719518881884023
5,"fish_oil",1978,0.719518881884023
3,"fish_oil",1978,0.719518881884023
1,"fish_oil",1978,0.719518881884023
9,"fish_oil",1978,0.719518881884023
6,"fish_oil",1978,0.719518881884023
13,"fish_oil",1978,0.719518881884023
12,"fish_oil",1979,0.752893503834798
4,"fish_oil",1979,0.752893503834798
8,"fish_oil",1979,0.752893503834798
10,"fish_oil",1979,0.752893503834798
2,"fish_oil",1979,0.752893503834798
14,"fish_oil",1979,0.752893503834798
7,"fish_oil",1979,0.752893503834798
11,"fish_oil",1979,0.752893503834798
5,"fish_oil",1979,0.752893503834798
3,"fish_oil",1979,0.752893503834798
1,"fish_oil",1979,0.752893503834798
9,"fish_oil",1979,0.752893503834798
6,"fish_oil",1979,0.752893503834798
13,"fish_oil",1979,0.752893503834798
12,"fish_oil",1980,0.761591652994905
4,"fish_oil",1980,0.761591652994905
8,"fish_oil",1980,0.761591652994905
10,"fish_oil",1980,0.761591652994905
2,"fish_oil",1980,0.761591652994905
14,"fish_oil",1980,0.761591652994905
7,"fish_oil",1980,0.761591652994905
11,"fish_oil",1980,0.761591652994905
5,"fish_oil",1980,0.761591652994905
3,"fish_oil",1980,0.761591652994905
1,"fish_oil",1980,0.761591652994905
9,"fish_oil",1980,0.761591652994905
6,"fish_oil",1980,0.761591652994905
13,"fish_oil",1980,0.761591652994905
12,"fish_oil",1981,0.769881351180578
4,"fish_oil",1981,0.769881351180578
8,"fish_oil",1981,0.769881351180578
10,"fish_oil",1981,0.769881351180578
2,"fish_oil",1981,0.769881351180578
14,"fish_oil",1981,0.769881351180578
7,"fish_oil",1981,0.769881351180578
11,"fish_oil",1981,0.769881351180578
5,"fish_oil",1981,0.769881351180578
3,"fish_oil",1981,0.769881351180578
1,"fish_oil",1981,0.769881351180578
9,"fish_oil",1981,0.769881351180578
6,"fish_oil",1981,0.769881351180578
13,"fish_oil",1981,0.769881351180578
12,"fish_oil",1982,0.675468836737813
4,"fish_oil",1982,0.675468836737813
8,"fish_oil",1982,0.675468836737813
10,"fish_oil",1982,0.675468836737813
2,"fish_oil",1982,0.675468836737813
14,"fish_oil",1982,0.675468836737813
7,"fish_oil",1982,0.675468836737813
11,"fish_oil",1982,0.675468836737813
5,"fish_oil",1982,0.675468836737813
3,"fish_oil",1982,0.675468836737813
1,"fish_oil",1982,0.675468836737813
9,"fish_oil",1982,0.675468836737813
6,"fish_oil",1982,0.675468836737813
13,"fish_oil",1982,0.675468836737813
12,"fish_oil",1983,0.610993922125727
4,"fish_oil",1983,0.610993922125727
8,"fish_oil",1983,0.610993922125727
10,"fish_oil",1983,0.610993922125727
2,"fish_oil",1983,0.610993922125727
14,"fish_oil",1983,0.610993922125727
7,"fish_oil",1983,0.610993922125727
11,"fish_oil",1983,0.610993922125727
5,"fish_oil",1983,0.610993922125727
3,"fish_oil",1983,0.610993922125727
1,"fish_oil",1983,0.610993922125727
9,"fish_oil",1983,0.610993922125727
6,"fish_oil",1983,0.610993922125727
13,"fish_oil",1983,0.610993922125727
12,"fish_oil",1984,0.59385754715288
4,"fish_oil",1984,0.59385754715288
8,"fish_oil",1984,0.59385754715288
10,"fish_oil",1984,0.59385754715288
2,"fish_oil",1984,0.59385754715288
14,"fish_oil",1984,0.59385754715288
7,"fish_oil",1984,0.59385754715288
11,"fish_oil",1984,0.59385754715288
5,"fish_oil",1984,0.59385754715288
3,"fish_oil",1984,0.59385754715288
1,"fish_oil",1984,0.59385754715288
9,"fish_oil",1984,0.59385754715288
6,"fish_oil",1984,0.59385754715288
13,"fish_oil",1984,0.59385754715288
12,"fish_oil",1985,0.527509791993247
4,"fish_oil",1985,0.527509791993247
8,"fish_oil",1985,0.527509791993247
10,"fish_oil",1985,0.527509791993247
2,"fish_oil",1985,0.527509791993247
14,"fish_oil",1985,0.527509791993247
7,"fish_oil",1985,0.527509791993247
11,"fish_oil",1985,0.527509791993247
5,"fish_oil",1985,0.527509791993247
3,"fish_oil",1985,0.527509791993247
1,"fish_oil",1985,0.527509791993247
9,"fish_oil",1985,0.527509791993247
6,"fish_oil",1985,0.527509791993247
13,"fish_oil",1985,0.527509791993247
12,"fish_oil",1986,0.489800019927457
4,"fish_oil",1986,0.489800019927457
8,"fish_oil",1986,0.489800019927457
10,"fish_oil",1986,0.489800019927457
2,"fish_oil",1986,0.489800019927457
14,"fish_oil",1986,0.489800019927457
7,"fish_oil",1986,0.489800019927457
11,"fish_oil",1986,0.489800019927457
5,"fish_oil",1986,0.489800019927457
3,"fish_oil",1986,0.489800019927457
1,"fish_oil",1986,0.489800019927457
9,"fish_oil",1986,0.489800019927457
6,"fish_oil",1986,0.489800019927457
13,"fish_oil",1986,0.489800019927457
12,"fish_oil",1987,0.410421286236873
4,"fish_oil",1987,0.410421286236873
8,"fish_oil",1987,0.410421286236873
10,"fish_oil",1987,0.410421286236873
2,"fish_oil",1987,0.410421286236873
14,"fish_oil",1987,0.410421286236873
7,"fish_oil",1987,0.410421286236873
11,"fish_oil",1987,0.410421286236873
5,"fish_oil",1987,0.410421286236873
3,"fish_oil",1987,0.410421286236873
1,"fish_oil",1987,0.410421286236873
9,"fish_oil",1987,0.410421286236873
6,"fish_oil",1987,0.410421286236873
13,"fish_oil",1987,0.410421286236873
12,"fish_oil",1988,0.356148363008947
4,"fish_oil",1988,0.356148363008947
8,"fish_oil",1988,0.356148363008947
10,"fish_oil",1988,0.356148363008947
2,"fish_oil",1988,0.356148363008947
14,"fish_oil",1988,0.356148363008947
7,"fish_oil",1988,0.356148363008947
11,"fish_oil",1988,0.356148363008947
5,"fish_oil",1988,0.356148363008947
3,"fish_oil",1988,0.356148363008947
1,"fish_oil",1988,0.356148363008947
9,"fish_oil",1988,0.356148363008947
6,"fish_oil",1988,0.356148363008947
13,"fish_oil",1988,0.356148363008947
12,"fish_oil",1989,0.446065595988764
4,"fish_oil",1989,0.446065595988764
8,"fish_oil",1989,0.446065595988764
10,"fish_oil",1989,0.446065595988764
2,"fish_oil",1989,0.446065595988764
14,"fish_oil",1989,0.446065595988764
7,"fish_oil",1989,0.446065595988764
11,"fish_oil",1989,0.446065595988764
5,"fish_oil",1989,0.446065595988764
3,"fish_oil",1989,0.446065595988764
1,"fish_oil",1989,0.446065595988764
9,"fish_oil",1989,0.446065595988764
6,"fish_oil",1989,0.446065595988764
13,"fish_oil",1989,0.446065595988764
12,"fish_oil",1990,0.553622805426952
4,"fish_oil",1990,0.553622805426952
8,"fish_oil",1990,0.553622805426952
10,"fish_oil",1990,0.553622805426952
2,"fish_oil",1990,0.553622805426952
14,"fish_oil",1990,0.553622805426952
7,"fish_oil",1990,0.553622805426952
11,"fish_oil",1990,0.553622805426952
5,"fish_oil",1990,0.553622805426952
3,"fish_oil",1990,0.553622805426952
1,"fish_oil",1990,0.553622805426952
9,"fish_oil",1990,0.553622805426952
6,"fish_oil",1990,0.553622805426952
13,"fish_oil",1990,0.553622805426952
12,"fish_oil",1991,0.664995318285422
4,"fish_oil",1991,0.664995318285422
8,"fish_oil",1991,0.664995318285422
10,"fish_oil",1991,0.664995318285422
2,"fish_oil",1991,0.664995318285422
14,"fish_oil",1991,0.664995318285422
7,"fish_oil",1991,0.664995318285422
11,"fish_oil",1991,0.664995318285422
5,"fish_oil",1991,0.664995318285422
3,"fish_oil",1991,0.664995318285422
1,"fish_oil",1991,0.664995318285422
9,"fish_oil",1991,0.664995318285422
6,"fish_oil",1991,0.664995318285422
13,"fish_oil",1991,0.664995318285422
12,"fish_oil",1992,0.799772536127798
4,"fish_oil",1992,0.799772536127798
8,"fish_oil",1992,0.799772536127798
10,"fish_oil",1992,0.799772536127798
2,"fish_oil",1992,0.799772536127798
14,"fish_oil",1992,0.799772536127798
7,"fish_oil",1992,0.799772536127798
11,"fish_oil",1992,0.799772536127798
5,"fish_oil",1992,0.799772536127798
3,"fish_oil",1992,0.799772536127798
1,"fish_oil",1992,0.799772536127798
9,"fish_oil",1992,0.799772536127798
6,"fish_oil",1992,0.799772536127798
13,"fish_oil",1992,0.799772536127798
12,"fish_oil",1993,0.944118182195127
4,"fish_oil",1993,0.944118182195127
8,"fish_oil",1993,0.944118182195127
10,"fish_oil",1993,0.944118182195127
2,"fish_oil",1993,0.944118182195127
14,"fish_oil",1993,0.944118182195127
7,"fish_oil",1993,0.944118182195127
11,"fish_oil",1993,0.944118182195127
5,"fish_oil",1993,0.944118182195127
3,"fish_oil",1993,0.944118182195127
1,"fish_oil",1993,0.944118182195127
9,"fish_oil",1993,0.944118182195127
6,"fish_oil",1993,0.944118182195127
13,"fish_oil",1993,0.944118182195127
12,"fish_oil",1994,0.975910056619969
4,"fish_oil",1994,0.975910056619969
8,"fish_oil",1994,0.975910056619969
10,"fish_oil",1994,0.975910056619969
2,"fish_oil",1994,0.975910056619969
14,"fish_oil",1994,0.975910056619969
7,"fish_oil",1994,0.975910056619969
11,"fish_oil",1994,0.975910056619969
5,"fish_oil",1994,0.975910056619969
3,"fish_oil",1994,0.975910056619969
1,"fish_oil",1994,0.975910056619969
9,"fish_oil",1994,0.975910056619969
6,"fish_oil",1994,0.975910056619969
13,"fish_oil",1994,0.975910056619969
12,"fish_oil",1995,1
4,"fish_oil",1995,1
8,"fish_oil",1995,1
10,"fish_oil",1995,1
2,"fish_oil",1995,1
14,"fish_oil",1995,1
7,"fish_oil",1995,1
11,"fish_oil",1995,1
5,"fish_oil",1995,1
3,"fish_oil",1995,1
1,"fish_oil",1995,1
9,"fish_oil",1995,1
6,"fish_oil",1995,1
13,"fish_oil",1995,1
12,"fish_oil",1996,0.994306595678712
4,"fish_oil",1996,0.994306595678712
8,"fish_oil",1996,0.994306595678712
10,"fish_oil",1996,0.994306595678712
2,"fish_oil",1996,0.994306595678712
14,"fish_oil",1996,0.994306595678712
7,"fish_oil",1996,0.994306595678712
11,"fish_oil",1996,0.994306595678712
5,"fish_oil",1996,0.994306595678712
3,"fish_oil",1996,0.994306595678712
1,"fish_oil",1996,0.994306595678712
9,"fish_oil",1996,0.994306595678712
6,"fish_oil",1996,0.994306595678712
13,"fish_oil",1996,0.994306595678712
12,"fish_oil",1997,0.886874706425862
4,"fish_oil",1997,0.886874706425862
8,"fish_oil",1997,0.886874706425862
10,"fish_oil",1997,0.886874706425862
2,"fish_oil",1997,0.886874706425862
14,"fish_oil",1997,0.886874706425862
7,"fish_oil",1997,0.886874706425862
11,"fish_oil",1997,0.886874706425862
5,"fish_oil",1997,0.886874706425862
3,"fish_oil",1997,0.886874706425862
1,"fish_oil",1997,0.886874706425862
9,"fish_oil",1997,0.886874706425862
6,"fish_oil",1997,0.886874706425862
13,"fish_oil",1997,0.886874706425862
12,"fish_oil",1998,0.900253796582751
4,"fish_oil",1998,0.900253796582751
8,"fish_oil",1998,0.900253796582751
10,"fish_oil",1998,0.900253796582751
2,"fish_oil",1998,0.900253796582751
14,"fish_oil",1998,0.900253796582751
7,"fish_oil",1998,0.900253796582751
11,"fish_oil",1998,0.900253796582751
5,"fish_oil",1998,0.900253796582751
3,"fish_oil",1998,0.900253796582751
1,"fish_oil",1998,0.900253796582751
9,"fish_oil",1998,0.900253796582751
6,"fish_oil",1998,0.900253796582751
13,"fish_oil",1998,0.900253796582751
12,"fish_oil",1999,0.880980016226643
4,"fish_oil",1999,0.880980016226643
8,"fish_oil",1999,0.880980016226643
10,"fish_oil",1999,0.880980016226643
2,"fish_oil",1999,0.880980016226643
14,"fish_oil",1999,0.880980016226643
7,"fish_oil",1999,0.880980016226643
11,"fish_oil",1999,0.880980016226643
5,"fish_oil",1999,0.880980016226643
3,"fish_oil",1999,0.880980016226643
1,"fish_oil",1999,0.880980016226643
9,"fish_oil",1999,0.880980016226643
6,"fish_oil",1999,0.880980016226643
13,"fish_oil",1999,0.880980016226643
12,"fish_oil",2000,0.894909122752514
4,"fish_oil",2000,0.894909122752514
8,"fish_oil",2000,0.894909122752514
10,"fish_oil",2000,0.894909122752514
2,"fish_oil",2000,0.894909122752514
14,"fish_oil",2000,0.894909122752514
7,"fish_oil",2000,0.894909122752514
11,"fish_oil",2000,0.894909122752514
5,"fish_oil",2000,0.894909122752514
3,"fish_oil",2000,0.894909122752514
1,"fish_oil",2000,0.894909122752514
9,"fish_oil",2000,0.894909122752514
6,"fish_oil",2000,0.894909122752514
13,"fish_oil",2000,0.894909122752514
12,"fish_oil",2001,0.913904413807871
4,"fish_oil",2001,0.913904413807871
8,"fish_oil",2001,0.913904413807871
10,"fish_oil",2001,0.913904413807871
2,"fish_oil",2001,0.913904413807871
14,"fish_oil",2001,0.913904413807871
7,"fish_oil",2001,0.913904413807871
11,"fish_oil",2001,0.913904413807871
5,"fish_oil",2001,0.913904413807871
3,"fish_oil",2001,0.913904413807871
1,"fish_oil",2001,0.913904413807871
9,"fish_oil",2001,0.913904413807871
6,"fish_oil",2001,0.913904413807871
13,"fish_oil",2001,0.913904413807871
12,"fish_oil",2002,0.911525651030627
4,"fish_oil",2002,0.911525651030627
8,"fish_oil",2002,0.911525651030627
10,"fish_oil",2002,0.911525651030627
2,"fish_oil",2002,0.911525651030627
14,"fish_oil",2002,0.911525651030627
7,"fish_oil",2002,0.911525651030627
11,"fish_oil",2002,0.911525651030627
5,"fish_oil",2002,0.911525651030627
3,"fish_oil",2002,0.911525651030627
1,"fish_oil",2002,0.911525651030627
9,"fish_oil",2002,0.911525651030627
6,"fish_oil",2002,0.911525651030627
13,"fish_oil",2002,0.911525651030627
12,"fish_oil",2003,0.931709163102519
4,"fish_oil",2003,0.931709163102519
8,"fish_oil",2003,0.931709163102519
10,"fish_oil",2003,0.931709163102519
2,"fish_oil",2003,0.931709163102519
14,"fish_oil",2003,0.931709163102519
7,"fish_oil",2003,0.931709163102519
11,"fish_oil",2003,0.931709163102519
5,"fish_oil",2003,0.931709163102519
3,"fish_oil",2003,0.931709163102519
1,"fish_oil",2003,0.931709163102519
9,"fish_oil",2003,0.931709163102519
6,"fish_oil",2003,0.931709163102519
13,"fish_oil",2003,0.931709163102519
12,"fish_oil",2004,1
4,"fish_oil",2004,1
8,"fish_oil",2004,1
10,"fish_oil",2004,1
2,"fish_oil",2004,1
14,"fish_oil",2004,1
7,"fish_oil",2004,1
11,"fish_oil",2004,1
5,"fish_oil",2004,1
3,"fish_oil",2004,1
1,"fish_oil",2004,1
9,"fish_oil",2004,1
6,"fish_oil",2004,1
13,"fish_oil",2004,1
12,"fish_oil",2005,1
4,"fish_oil",2005,1
8,"fish_oil",2005,1
10,"fish_oil",2005,1
2,"fish_oil",2005,1
14,"fish_oil",2005,1
7,"fish_oil",2005,1
11,"fish_oil",2005,1
5,"fish_oil",2005,1
3,"fish_oil",2005,1
1,"fish_oil",2005,1
9,"fish_oil",2005,1
6,"fish_oil",2005,1
13,"fish_oil",2005,1
12,"fish_oil",2006,1
4,"fish_oil",2006,1
8,"fish_oil",2006,1
10,"fish_oil",2006,1
2,"fish_oil",2006,1
14,"fish_oil",2006,1
7,"fish_oil",2006,1
11,"fish_oil",2006,1
5,"fish_oil",2006,1
3,"fish_oil",2006,1
1,"fish_oil",2006,1
9,"fish_oil",2006,1
6,"fish_oil",2006,1
13,"fish_oil",2006,1
12,"fish_oil",2007,1
4,"fish_oil",2007,1
8,"fish_oil",2007,1
10,"fish_oil",2007,1
2,"fish_oil",2007,1
14,"fish_oil",2007,1
7,"fish_oil",2007,1
11,"fish_oil",2007,1
5,"fish_oil",2007,1
3,"fish_oil",2007,1
1,"fish_oil",2007,1
9,"fish_oil",2007,1
6,"fish_oil",2007,1
13,"fish_oil",2007,1
12,"fish_oil",2008,1
4,"fish_oil",2008,1
8,"fish_oil",2008,1
10,"fish_oil",2008,1
2,"fish_oil",2008,1
14,"fish_oil",2008,1
7,"fish_oil",2008,1
11,"fish_oil",2008,1
5,"fish_oil",2008,1
3,"fish_oil",2008,1
1,"fish_oil",2008,1
9,"fish_oil",2008,1
6,"fish_oil",2008,1
13,"fish_oil",2008,1
12,"fish_oil",2009,1
4,"fish_oil",2009,1
8,"fish_oil",2009,1
10,"fish_oil",2009,1
2,"fish_oil",2009,1
14,"fish_oil",2009,1
7,"fish_oil",2009,1
11,"fish_oil",2009,1
5,"fish_oil",2009,1
3,"fish_oil",2009,1
1,"fish_oil",2009,1
9,"fish_oil",2009,1
6,"fish_oil",2009,1
13,"fish_oil",2009,1
12,"fish_oil",2010,1
4,"fish_oil",2010,1
8,"fish_oil",2010,1
10,"fish_oil",2010,1
2,"fish_oil",2010,1
14,"fish_oil",2010,1
7,"fish_oil",2010,1
11,"fish_oil",2010,1
5,"fish_oil",2010,1
3,"fish_oil",2010,1
1,"fish_oil",2010,1
9,"fish_oil",2010,1
6,"fish_oil",2010,1
13,"fish_oil",2010,1
12,"fish_oil",2011,1
4,"fish_oil",2011,1
8,"fish_oil",2011,1
10,"fish_oil",2011,1
2,"fish_oil",2011,1
14,"fish_oil",2011,1
7,"fish_oil",2011,1
11,"fish_oil",2011,1
5,"fish_oil",2011,1
3,"fish_oil",2011,1
1,"fish_oil",2011,1
9,"fish_oil",2011,1
6,"fish_oil",2011,1
13,"fish_oil",2011,1
12,"ornamentals",1988,0.312907431551499
4,"ornamentals",1988,0.312907431551499
8,"ornamentals",1988,0.312907431551499
10,"ornamentals",1988,0.312907431551499
2,"ornamentals",1988,0.312907431551499
14,"ornamentals",1988,0.312907431551499
7,"ornamentals",1988,0.312907431551499
11,"ornamentals",1988,0.312907431551499
5,"ornamentals",1988,0.312907431551499
3,"ornamentals",1988,0.312907431551499
1,"ornamentals",1988,0.312907431551499
9,"ornamentals",1988,0.312907431551499
6,"ornamentals",1988,0.312907431551499
13,"ornamentals",1988,0.312907431551499
12,"ornamentals",1989,0.591047370708388
4,"ornamentals",1989,0.591047370708388
8,"ornamentals",1989,0.591047370708388
10,"ornamentals",1989,0.591047370708388
2,"ornamentals",1989,0.591047370708388
14,"ornamentals",1989,0.591047370708388
7,"ornamentals",1989,0.591047370708388
11,"ornamentals",1989,0.591047370708388
5,"ornamentals",1989,0.591047370708388
3,"ornamentals",1989,0.591047370708388
1,"ornamentals",1989,0.591047370708388
9,"ornamentals",1989,0.591047370708388
6,"ornamentals",1989,0.591047370708388
13,"ornamentals",1989,0.591047370708388
12,"ornamentals",1990,0.538896132116471
4,"ornamentals",1990,0.538896132116471
8,"ornamentals",1990,0.538896132116471
10,"ornamentals",1990,0.538896132116471
2,"ornamentals",1990,0.538896132116471
14,"ornamentals",1990,0.538896132116471
7,"ornamentals",1990,0.538896132116471
11,"ornamentals",1990,0.538896132116471
5,"ornamentals",1990,0.538896132116471
3,"ornamentals",1990,0.538896132116471
1,"ornamentals",1990,0.538896132116471
9,"ornamentals",1990,0.538896132116471
6,"ornamentals",1990,0.538896132116471
13,"ornamentals",1990,0.538896132116471
12,"ornamentals",1991,0.573663624511082
4,"ornamentals",1991,0.573663624511082
8,"ornamentals",1991,0.573663624511082
10,"ornamentals",1991,0.573663624511082
2,"ornamentals",1991,0.573663624511082
14,"ornamentals",1991,0.573663624511082
7,"ornamentals",1991,0.573663624511082
11,"ornamentals",1991,0.573663624511082
5,"ornamentals",1991,0.573663624511082
3,"ornamentals",1991,0.573663624511082
1,"ornamentals",1991,0.573663624511082
9,"ornamentals",1991,0.573663624511082
6,"ornamentals",1991,0.573663624511082
13,"ornamentals",1991,0.573663624511082
12,"ornamentals",1992,0.538896132116471
4,"ornamentals",1992,0.538896132116471
8,"ornamentals",1992,0.538896132116471
10,"ornamentals",1992,0.538896132116471
2,"ornamentals",1992,0.538896132116471
14,"ornamentals",1992,0.538896132116471
7,"ornamentals",1992,0.538896132116471
11,"ornamentals",1992,0.538896132116471
5,"ornamentals",1992,0.538896132116471
3,"ornamentals",1992,0.538896132116471
1,"ornamentals",1992,0.538896132116471
9,"ornamentals",1992,0.538896132116471
6,"ornamentals",1992,0.538896132116471
13,"ornamentals",1992,0.538896132116471
12,"ornamentals",1993,1
4,"ornamentals",1993,1
8,"ornamentals",1993,1
10,"ornamentals",1993,1
2,"ornamentals",1993,1
14,"ornamentals",1993,1
7,"ornamentals",1993,1
11,"ornamentals",1993,1
5,"ornamentals",1993,1
3,"ornamentals",1993,1
1,"ornamentals",1993,1
9,"ornamentals",1993,1
6,"ornamentals",1993,1
13,"ornamentals",1993,1
12,"ornamentals",1994,1
4,"ornamentals",1994,1
8,"ornamentals",1994,1
10,"ornamentals",1994,1
2,"ornamentals",1994,1
14,"ornamentals",1994,1
7,"ornamentals",1994,1
11,"ornamentals",1994,1
5,"ornamentals",1994,1
3,"ornamentals",1994,1
1,"ornamentals",1994,1
9,"ornamentals",1994,1
6,"ornamentals",1994,1
13,"ornamentals",1994,1
12,"ornamentals",1995,1
4,"ornamentals",1995,1
8,"ornamentals",1995,1
10,"ornamentals",1995,1
2,"ornamentals",1995,1
14,"ornamentals",1995,1
7,"ornamentals",1995,1
11,"ornamentals",1995,1
5,"ornamentals",1995,1
3,"ornamentals",1995,1
1,"ornamentals",1995,1
9,"ornamentals",1995,1
6,"ornamentals",1995,1
13,"ornamentals",1995,1
12,"ornamentals",1996,1
4,"ornamentals",1996,1
8,"ornamentals",1996,1
10,"ornamentals",1996,1
2,"ornamentals",1996,1
14,"ornamentals",1996,1
7,"ornamentals",1996,1
11,"ornamentals",1996,1
5,"ornamentals",1996,1
3,"ornamentals",1996,1
1,"ornamentals",1996,1
9,"ornamentals",1996,1
6,"ornamentals",1996,1
13,"ornamentals",1996,1
12,"ornamentals",1997,0.112994350282486
4,"ornamentals",1997,0.112994350282486
8,"ornamentals",1997,0.112994350282486
10,"ornamentals",1997,0.112994350282486
2,"ornamentals",1997,0.112994350282486
14,"ornamentals",1997,0.112994350282486
7,"ornamentals",1997,0.112994350282486
11,"ornamentals",1997,0.112994350282486
5,"ornamentals",1997,0.112994350282486
3,"ornamentals",1997,0.112994350282486
1,"ornamentals",1997,0.112994350282486
9,"ornamentals",1997,0.112994350282486
6,"ornamentals",1997,0.112994350282486
13,"ornamentals",1997,0.112994350282486
12,"ornamentals",1998,0.121686223381139
4,"ornamentals",1998,0.121686223381139
8,"ornamentals",1998,0.121686223381139
10,"ornamentals",1998,0.121686223381139
2,"ornamentals",1998,0.121686223381139
14,"ornamentals",1998,0.121686223381139
7,"ornamentals",1998,0.121686223381139
11,"ornamentals",1998,0.121686223381139
5,"ornamentals",1998,0.121686223381139
3,"ornamentals",1998,0.121686223381139
1,"ornamentals",1998,0.121686223381139
9,"ornamentals",1998,0.121686223381139
6,"ornamentals",1998,0.121686223381139
13,"ornamentals",1998,0.121686223381139
12,"ornamentals",1999,0.15645371577575
4,"ornamentals",1999,0.15645371577575
8,"ornamentals",1999,0.15645371577575
10,"ornamentals",1999,0.15645371577575
2,"ornamentals",1999,0.15645371577575
14,"ornamentals",1999,0.15645371577575
7,"ornamentals",1999,0.15645371577575
11,"ornamentals",1999,0.15645371577575
5,"ornamentals",1999,0.15645371577575
3,"ornamentals",1999,0.15645371577575
1,"ornamentals",1999,0.15645371577575
9,"ornamentals",1999,0.15645371577575
6,"ornamentals",1999,0.15645371577575
13,"ornamentals",1999,0.15645371577575
12,"ornamentals",2000,0.0782268578878748
4,"ornamentals",2000,0.0782268578878748
8,"ornamentals",2000,0.0782268578878748
10,"ornamentals",2000,0.0782268578878748
2,"ornamentals",2000,0.0782268578878748
14,"ornamentals",2000,0.0782268578878748
7,"ornamentals",2000,0.0782268578878748
11,"ornamentals",2000,0.0782268578878748
5,"ornamentals",2000,0.0782268578878748
3,"ornamentals",2000,0.0782268578878748
1,"ornamentals",2000,0.0782268578878748
9,"ornamentals",2000,0.0782268578878748
6,"ornamentals",2000,0.0782268578878748
13,"ornamentals",2000,0.0782268578878748
12,"ornamentals",2001,0.0608431116905693
4,"ornamentals",2001,0.0608431116905693
8,"ornamentals",2001,0.0608431116905693
10,"ornamentals",2001,0.0608431116905693
2,"ornamentals",2001,0.0608431116905693
14,"ornamentals",2001,0.0608431116905693
7,"ornamentals",2001,0.0608431116905693
11,"ornamentals",2001,0.0608431116905693
5,"ornamentals",2001,0.0608431116905693
3,"ornamentals",2001,0.0608431116905693
1,"ornamentals",2001,0.0608431116905693
9,"ornamentals",2001,0.0608431116905693
6,"ornamentals",2001,0.0608431116905693
13,"ornamentals",2001,0.0608431116905693
12,"ornamentals",2002,0.0521512385919166
4,"ornamentals",2002,0.0521512385919166
8,"ornamentals",2002,0.0521512385919166
10,"ornamentals",2002,0.0521512385919166
2,"ornamentals",2002,0.0521512385919166
14,"ornamentals",2002,0.0521512385919166
7,"ornamentals",2002,0.0521512385919166
11,"ornamentals",2002,0.0521512385919166
5,"ornamentals",2002,0.0521512385919166
3,"ornamentals",2002,0.0521512385919166
1,"ornamentals",2002,0.0521512385919166
9,"ornamentals",2002,0.0521512385919166
6,"ornamentals",2002,0.0521512385919166
13,"ornamentals",2002,0.0521512385919166
12,"ornamentals",2003,0.0173837461973055
4,"ornamentals",2003,0.0173837461973055
8,"ornamentals",2003,0.0173837461973055
10,"ornamentals",2003,0.0173837461973055
2,"ornamentals",2003,0.0173837461973055
14,"ornamentals",2003,0.0173837461973055
7,"ornamentals",2003,0.0173837461973055
11,"ornamentals",2003,0.0173837461973055
5,"ornamentals",2003,0.0173837461973055
3,"ornamentals",2003,0.0173837461973055
1,"ornamentals",2003,0.0173837461973055
9,"ornamentals",2003,0.0173837461973055
6,"ornamentals",2003,0.0173837461973055
13,"ornamentals",2003,0.0173837461973055
12,"ornamentals",2004,0.0173837461973055
4,"ornamentals",2004,0.0173837461973055
8,"ornamentals",2004,0.0173837461973055
10,"ornamentals",2004,0.0173837461973055
2,"ornamentals",2004,0.0173837461973055
14,"ornamentals",2004,0.0173837461973055
7,"ornamentals",2004,0.0173837461973055
11,"ornamentals",2004,0.0173837461973055
5,"ornamentals",2004,0.0173837461973055
3,"ornamentals",2004,0.0173837461973055
1,"ornamentals",2004,0.0173837461973055
9,"ornamentals",2004,0.0173837461973055
6,"ornamentals",2004,0.0173837461973055
13,"ornamentals",2004,0.0173837461973055
12,"ornamentals",2005,0.00869187309865276
4,"ornamentals",2005,0.00869187309865276
8,"ornamentals",2005,0.00869187309865276
10,"ornamentals",2005,0.00869187309865276
2,"ornamentals",2005,0.00869187309865276
14,"ornamentals",2005,0.00869187309865276
7,"ornamentals",2005,0.00869187309865276
11,"ornamentals",2005,0.00869187309865276
5,"ornamentals",2005,0.00869187309865276
3,"ornamentals",2005,0.00869187309865276
1,"ornamentals",2005,0.00869187309865276
9,"ornamentals",2005,0.00869187309865276
6,"ornamentals",2005,0.00869187309865276
13,"ornamentals",2005,0.00869187309865276
12,"ornamentals",2006,0.00869187309865276
4,"ornamentals",2006,0.00869187309865276
8,"ornamentals",2006,0.00869187309865276
10,"ornamentals",2006,0.00869187309865276
2,"ornamentals",2006,0.00869187309865276
14,"ornamentals",2006,0.00869187309865276
7,"ornamentals",2006,0.00869187309865276
11,"ornamentals",2006,0.00869187309865276
5,"ornamentals",2006,0.00869187309865276
3,"ornamentals",2006,0.00869187309865276
1,"ornamentals",2006,0.00869187309865276
9,"ornamentals",2006,0.00869187309865276
6,"ornamentals",2006,0.00869187309865276
13,"ornamentals",2006,0.00869187309865276
12,"ornamentals",2007,0.00869187309865276
4,"ornamentals",2007,0.00869187309865276
8,"ornamentals",2007,0.00869187309865276
10,"ornamentals",2007,0.00869187309865276
2,"ornamentals",2007,0.00869187309865276
14,"ornamentals",2007,0.00869187309865276
7,"ornamentals",2007,0.00869187309865276
11,"ornamentals",2007,0.00869187309865276
5,"ornamentals",2007,0.00869187309865276
3,"ornamentals",2007,0.00869187309865276
1,"ornamentals",2007,0.00869187309865276
9,"ornamentals",2007,0.00869187309865276
6,"ornamentals",2007,0.00869187309865276
13,"ornamentals",2007,0.00869187309865276
12,"ornamentals",2008,0
4,"ornamentals",2008,0
8,"ornamentals",2008,0
10,"ornamentals",2008,0
2,"ornamentals",2008,0
14,"ornamentals",2008,0
7,"ornamentals",2008,0
11,"ornamentals",2008,0
5,"ornamentals",2008,0
3,"ornamentals",2008,0
1,"ornamentals",2008,0
9,"ornamentals",2008,0
6,"ornamentals",2008,0
13,"ornamentals",2008,0
12,"ornamentals",2009,0
4,"ornamentals",2009,0
8,"ornamentals",2009,0
10,"ornamentals",2009,0
2,"ornamentals",2009,0
14,"ornamentals",2009,0
7,"ornamentals",2009,0
11,"ornamentals",2009,0
5,"ornamentals",2009,0
3,"ornamentals",2009,0
1,"ornamentals",2009,0
9,"ornamentals",2009,0
6,"ornamentals",2009,0
13,"ornamentals",2009,0
12,"ornamentals",2010,0
4,"ornamentals",2010,0
8,"ornamentals",2010,0
10,"ornamentals",2010,0
2,"ornamentals",2010,0
14,"ornamentals",2010,0
7,"ornamentals",2010,0
11,"ornamentals",2010,0
5,"ornamentals",2010,0
3,"ornamentals",2010,0
1,"ornamentals",2010,0
9,"ornamentals",2010,0
6,"ornamentals",2010,0
13,"ornamentals",2010,0
12,"ornamentals",2011,0
4,"ornamentals",2011,0
8,"ornamentals",2011,0
10,"ornamentals",2011,0
2,"ornamentals",2011,0
14,"ornamentals",2011,0
7,"ornamentals",2011,0
11,"ornamentals",2011,0
5,"ornamentals",2011,0
3,"ornamentals",2011,0
1,"ornamentals",2011,0
9,"ornamentals",2011,0
6,"ornamentals",2011,0
13,"ornamentals",2011,0
12,"seaweeds",1983,0.0308999613750483
4,"seaweeds",1983,0.0308999613750483
8,"seaweeds",1983,0.0308999613750483
10,"seaweeds",1983,0.0308999613750483
2,"seaweeds",1983,0.0308999613750483
14,"seaweeds",1983,0.0308999613750483
7,"seaweeds",1983,0.0308999613750483
11,"seaweeds",1983,0.0308999613750483
5,"seaweeds",1983,0.0308999613750483
3,"seaweeds",1983,0.0308999613750483
1,"seaweeds",1983,0.0308999613750483
9,"seaweeds",1983,0.0308999613750483
6,"seaweeds",1983,0.0308999613750483
13,"seaweeds",1983,0.0308999613750483
12,"seaweeds",1984,0.030305731348605
4,"seaweeds",1984,0.030305731348605
8,"seaweeds",1984,0.030305731348605
10,"seaweeds",1984,0.030305731348605
2,"seaweeds",1984,0.030305731348605
14,"seaweeds",1984,0.030305731348605
7,"seaweeds",1984,0.030305731348605
11,"seaweeds",1984,0.030305731348605
5,"seaweeds",1984,0.030305731348605
3,"seaweeds",1984,0.030305731348605
1,"seaweeds",1984,0.030305731348605
9,"seaweeds",1984,0.030305731348605
6,"seaweeds",1984,0.030305731348605
13,"seaweeds",1984,0.030305731348605
12,"seaweeds",1985,0.0418932168642481
4,"seaweeds",1985,0.0418932168642481
8,"seaweeds",1985,0.0418932168642481
10,"seaweeds",1985,0.0418932168642481
2,"seaweeds",1985,0.0418932168642481
14,"seaweeds",1985,0.0418932168642481
7,"seaweeds",1985,0.0418932168642481
11,"seaweeds",1985,0.0418932168642481
5,"seaweeds",1985,0.0418932168642481
3,"seaweeds",1985,0.0418932168642481
1,"seaweeds",1985,0.0418932168642481
9,"seaweeds",1985,0.0418932168642481
6,"seaweeds",1985,0.0418932168642481
13,"seaweeds",1985,0.0418932168642481
12,"seaweeds",1986,0.0579374275782155
4,"seaweeds",1986,0.0579374275782155
8,"seaweeds",1986,0.0579374275782155
10,"seaweeds",1986,0.0579374275782155
2,"seaweeds",1986,0.0579374275782155
14,"seaweeds",1986,0.0579374275782155
7,"seaweeds",1986,0.0579374275782155
11,"seaweeds",1986,0.0579374275782155
5,"seaweeds",1986,0.0579374275782155
3,"seaweeds",1986,0.0579374275782155
1,"seaweeds",1986,0.0579374275782155
9,"seaweeds",1986,0.0579374275782155
6,"seaweeds",1986,0.0579374275782155
13,"seaweeds",1986,0.0579374275782155
12,"seaweeds",1987,0.0695249130938586
4,"seaweeds",1987,0.0695249130938586
8,"seaweeds",1987,0.0695249130938586
10,"seaweeds",1987,0.0695249130938586
2,"seaweeds",1987,0.0695249130938586
14,"seaweeds",1987,0.0695249130938586
7,"seaweeds",1987,0.0695249130938586
11,"seaweeds",1987,0.0695249130938586
5,"seaweeds",1987,0.0695249130938586
3,"seaweeds",1987,0.0695249130938586
1,"seaweeds",1987,0.0695249130938586
9,"seaweeds",1987,0.0695249130938586
6,"seaweeds",1987,0.0695249130938586
13,"seaweeds",1987,0.0695249130938586
12,"seaweeds",1988,0.0623941527765398
4,"seaweeds",1988,0.0623941527765398
8,"seaweeds",1988,0.0623941527765398
10,"seaweeds",1988,0.0623941527765398
2,"seaweeds",1988,0.0623941527765398
14,"seaweeds",1988,0.0623941527765398
7,"seaweeds",1988,0.0623941527765398
11,"seaweeds",1988,0.0623941527765398
5,"seaweeds",1988,0.0623941527765398
3,"seaweeds",1988,0.0623941527765398
1,"seaweeds",1988,0.0623941527765398
9,"seaweeds",1988,0.0623941527765398
6,"seaweeds",1988,0.0623941527765398
13,"seaweeds",1988,0.0623941527765398
12,"seaweeds",1989,0.0401105267849184
4,"seaweeds",1989,0.0401105267849184
8,"seaweeds",1989,0.0401105267849184
10,"seaweeds",1989,0.0401105267849184
2,"seaweeds",1989,0.0401105267849184
14,"seaweeds",1989,0.0401105267849184
7,"seaweeds",1989,0.0401105267849184
11,"seaweeds",1989,0.0401105267849184
5,"seaweeds",1989,0.0401105267849184
3,"seaweeds",1989,0.0401105267849184
1,"seaweeds",1989,0.0401105267849184
9,"seaweeds",1989,0.0401105267849184
6,"seaweeds",1989,0.0401105267849184
13,"seaweeds",1989,0.0401105267849184
12,"seaweeds",1990,0.0178269007932971
4,"seaweeds",1990,0.0178269007932971
8,"seaweeds",1990,0.0178269007932971
10,"seaweeds",1990,0.0178269007932971
2,"seaweeds",1990,0.0178269007932971
14,"seaweeds",1990,0.0178269007932971
7,"seaweeds",1990,0.0178269007932971
11,"seaweeds",1990,0.0178269007932971
5,"seaweeds",1990,0.0178269007932971
3,"seaweeds",1990,0.0178269007932971
1,"seaweeds",1990,0.0178269007932971
9,"seaweeds",1990,0.0178269007932971
6,"seaweeds",1990,0.0178269007932971
13,"seaweeds",1990,0.0178269007932971
12,"seaweeds",1991,0
4,"seaweeds",1991,0
8,"seaweeds",1991,0
10,"seaweeds",1991,0
2,"seaweeds",1991,0
14,"seaweeds",1991,0
7,"seaweeds",1991,0
11,"seaweeds",1991,0
5,"seaweeds",1991,0
3,"seaweeds",1991,0
1,"seaweeds",1991,0
9,"seaweeds",1991,0
6,"seaweeds",1991,0
13,"seaweeds",1991,0
12,"seaweeds",1992,0.00713076031731883
4,"seaweeds",1992,0.00713076031731883
8,"seaweeds",1992,0.00713076031731883
10,"seaweeds",1992,0.00713076031731883
2,"seaweeds",1992,0.00713076031731883
14,"seaweeds",1992,0.00713076031731883
7,"seaweeds",1992,0.00713076031731883
11,"seaweeds",1992,0.00713076031731883
5,"seaweeds",1992,0.00713076031731883
3,"seaweeds",1992,0.00713076031731883
1,"seaweeds",1992,0.00713076031731883
9,"seaweeds",1992,0.00713076031731883
6,"seaweeds",1992,0.00713076031731883
13,"seaweeds",1992,0.00713076031731883
12,"seaweeds",1993,0.0632854978162046
4,"seaweeds",1993,0.0632854978162046
8,"seaweeds",1993,0.0632854978162046
10,"seaweeds",1993,0.0632854978162046
2,"seaweeds",1993,0.0632854978162046
14,"seaweeds",1993,0.0632854978162046
7,"seaweeds",1993,0.0632854978162046
11,"seaweeds",1993,0.0632854978162046
5,"seaweeds",1993,0.0632854978162046
3,"seaweeds",1993,0.0632854978162046
1,"seaweeds",1993,0.0632854978162046
9,"seaweeds",1993,0.0632854978162046
6,"seaweeds",1993,0.0632854978162046
13,"seaweeds",1993,0.0632854978162046
12,"seaweeds",1994,0.171138247615652
4,"seaweeds",1994,0.171138247615652
8,"seaweeds",1994,0.171138247615652
10,"seaweeds",1994,0.171138247615652
2,"seaweeds",1994,0.171138247615652
14,"seaweeds",1994,0.171138247615652
7,"seaweeds",1994,0.171138247615652
11,"seaweeds",1994,0.171138247615652
5,"seaweeds",1994,0.171138247615652
3,"seaweeds",1994,0.171138247615652
1,"seaweeds",1994,0.171138247615652
9,"seaweeds",1994,0.171138247615652
6,"seaweeds",1994,0.171138247615652
13,"seaweeds",1994,0.171138247615652
12,"seaweeds",1995,0.332471699794991
4,"seaweeds",1995,0.332471699794991
8,"seaweeds",1995,0.332471699794991
10,"seaweeds",1995,0.332471699794991
2,"seaweeds",1995,0.332471699794991
14,"seaweeds",1995,0.332471699794991
7,"seaweeds",1995,0.332471699794991
11,"seaweeds",1995,0.332471699794991
5,"seaweeds",1995,0.332471699794991
3,"seaweeds",1995,0.332471699794991
1,"seaweeds",1995,0.332471699794991
9,"seaweeds",1995,0.332471699794991
6,"seaweeds",1995,0.332471699794991
13,"seaweeds",1995,0.332471699794991
12,"seaweeds",1996,0.417149478563152
4,"seaweeds",1996,0.417149478563152
8,"seaweeds",1996,0.417149478563152
10,"seaweeds",1996,0.417149478563152
2,"seaweeds",1996,0.417149478563152
14,"seaweeds",1996,0.417149478563152
7,"seaweeds",1996,0.417149478563152
11,"seaweeds",1996,0.417149478563152
5,"seaweeds",1996,0.417149478563152
3,"seaweeds",1996,0.417149478563152
1,"seaweeds",1996,0.417149478563152
9,"seaweeds",1996,0.417149478563152
6,"seaweeds",1996,0.417149478563152
13,"seaweeds",1996,0.417149478563152
12,"seaweeds",1997,0.470630180943043
4,"seaweeds",1997,0.470630180943043
8,"seaweeds",1997,0.470630180943043
10,"seaweeds",1997,0.470630180943043
2,"seaweeds",1997,0.470630180943043
14,"seaweeds",1997,0.470630180943043
7,"seaweeds",1997,0.470630180943043
11,"seaweeds",1997,0.470630180943043
5,"seaweeds",1997,0.470630180943043
3,"seaweeds",1997,0.470630180943043
1,"seaweeds",1997,0.470630180943043
9,"seaweeds",1997,0.470630180943043
6,"seaweeds",1997,0.470630180943043
13,"seaweeds",1997,0.470630180943043
12,"seaweeds",1998,0.493805151974329
4,"seaweeds",1998,0.493805151974329
8,"seaweeds",1998,0.493805151974329
10,"seaweeds",1998,0.493805151974329
2,"seaweeds",1998,0.493805151974329
14,"seaweeds",1998,0.493805151974329
7,"seaweeds",1998,0.493805151974329
11,"seaweeds",1998,0.493805151974329
5,"seaweeds",1998,0.493805151974329
3,"seaweeds",1998,0.493805151974329
1,"seaweeds",1998,0.493805151974329
9,"seaweeds",1998,0.493805151974329
6,"seaweeds",1998,0.493805151974329
13,"seaweeds",1998,0.493805151974329
12,"seaweeds",1999,0.625724217844728
4,"seaweeds",1999,0.625724217844728
8,"seaweeds",1999,0.625724217844728
10,"seaweeds",1999,0.625724217844728
2,"seaweeds",1999,0.625724217844728
14,"seaweeds",1999,0.625724217844728
7,"seaweeds",1999,0.625724217844728
11,"seaweeds",1999,0.625724217844728
5,"seaweeds",1999,0.625724217844728
3,"seaweeds",1999,0.625724217844728
1,"seaweeds",1999,0.625724217844728
9,"seaweeds",1999,0.625724217844728
6,"seaweeds",1999,0.625724217844728
13,"seaweeds",1999,0.625724217844728
12,"seaweeds",2000,0.581156965861485
4,"seaweeds",2000,0.581156965861485
8,"seaweeds",2000,0.581156965861485
10,"seaweeds",2000,0.581156965861485
2,"seaweeds",2000,0.581156965861485
14,"seaweeds",2000,0.581156965861485
7,"seaweeds",2000,0.581156965861485
11,"seaweeds",2000,0.581156965861485
5,"seaweeds",2000,0.581156965861485
3,"seaweeds",2000,0.581156965861485
1,"seaweeds",2000,0.581156965861485
9,"seaweeds",2000,0.581156965861485
6,"seaweeds",2000,0.581156965861485
13,"seaweeds",2000,0.581156965861485
12,"seaweeds",2001,0.574026205544166
4,"seaweeds",2001,0.574026205544166
8,"seaweeds",2001,0.574026205544166
10,"seaweeds",2001,0.574026205544166
2,"seaweeds",2001,0.574026205544166
14,"seaweeds",2001,0.574026205544166
7,"seaweeds",2001,0.574026205544166
11,"seaweeds",2001,0.574026205544166
5,"seaweeds",2001,0.574026205544166
3,"seaweeds",2001,0.574026205544166
1,"seaweeds",2001,0.574026205544166
9,"seaweeds",2001,0.574026205544166
6,"seaweeds",2001,0.574026205544166
13,"seaweeds",2001,0.574026205544166
12,"seaweeds",2002,0.668508779748641
4,"seaweeds",2002,0.668508779748641
8,"seaweeds",2002,0.668508779748641
10,"seaweeds",2002,0.668508779748641
2,"seaweeds",2002,0.668508779748641
14,"seaweeds",2002,0.668508779748641
7,"seaweeds",2002,0.668508779748641
11,"seaweeds",2002,0.668508779748641
5,"seaweeds",2002,0.668508779748641
3,"seaweeds",2002,0.668508779748641
1,"seaweeds",2002,0.668508779748641
9,"seaweeds",2002,0.668508779748641
6,"seaweeds",2002,0.668508779748641
13,"seaweeds",2002,0.668508779748641
12,"seaweeds",2003,0.935020946608432
4,"seaweeds",2003,0.935020946608432
8,"seaweeds",2003,0.935020946608432
10,"seaweeds",2003,0.935020946608432
2,"seaweeds",2003,0.935020946608432
14,"seaweeds",2003,0.935020946608432
7,"seaweeds",2003,0.935020946608432
11,"seaweeds",2003,0.935020946608432
5,"seaweeds",2003,0.935020946608432
3,"seaweeds",2003,0.935020946608432
1,"seaweeds",2003,0.935020946608432
9,"seaweeds",2003,0.935020946608432
6,"seaweeds",2003,0.935020946608432
13,"seaweeds",2003,0.935020946608432
12,"seaweeds",2004,1
4,"seaweeds",2004,1
8,"seaweeds",2004,1
10,"seaweeds",2004,1
2,"seaweeds",2004,1
14,"seaweeds",2004,1
7,"seaweeds",2004,1
11,"seaweeds",2004,1
5,"seaweeds",2004,1
3,"seaweeds",2004,1
1,"seaweeds",2004,1
9,"seaweeds",2004,1
6,"seaweeds",2004,1
13,"seaweeds",2004,1
12,"seaweeds",2005,1
4,"seaweeds",2005,1
8,"seaweeds",2005,1
10,"seaweeds",2005,1
2,"seaweeds",2005,1
14,"seaweeds",2005,1
7,"seaweeds",2005,1
11,"seaweeds",2005,1
5,"seaweeds",2005,1
3,"seaweeds",2005,1
1,"seaweeds",2005,1
9,"seaweeds",2005,1
6,"seaweeds",2005,1
13,"seaweeds",2005,1
12,"seaweeds",2006,1
4,"seaweeds",2006,1
8,"seaweeds",2006,1
10,"seaweeds",2006,1
2,"seaweeds",2006,1
14,"seaweeds",2006,1
7,"seaweeds",2006,1
11,"seaweeds",2006,1
5,"seaweeds",2006,1
3,"seaweeds",2006,1
1,"seaweeds",2006,1
9,"seaweeds",2006,1
6,"seaweeds",2006,1
13,"seaweeds",2006,1
12,"seaweeds",2007,0.807558605936358
4,"seaweeds",2007,0.807558605936358
8,"seaweeds",2007,0.807558605936358
10,"seaweeds",2007,0.807558605936358
2,"seaweeds",2007,0.807558605936358
14,"seaweeds",2007,0.807558605936358
7,"seaweeds",2007,0.807558605936358
11,"seaweeds",2007,0.807558605936358
5,"seaweeds",2007,0.807558605936358
3,"seaweeds",2007,0.807558605936358
1,"seaweeds",2007,0.807558605936358
9,"seaweeds",2007,0.807558605936358
6,"seaweeds",2007,0.807558605936358
13,"seaweeds",2007,0.807558605936358
12,"seaweeds",2008,0.948391122203405
4,"seaweeds",2008,0.948391122203405
8,"seaweeds",2008,0.948391122203405
10,"seaweeds",2008,0.948391122203405
2,"seaweeds",2008,0.948391122203405
14,"seaweeds",2008,0.948391122203405
7,"seaweeds",2008,0.948391122203405
11,"seaweeds",2008,0.948391122203405
5,"seaweeds",2008,0.948391122203405
3,"seaweeds",2008,0.948391122203405
1,"seaweeds",2008,0.948391122203405
9,"seaweeds",2008,0.948391122203405
6,"seaweeds",2008,0.948391122203405
13,"seaweeds",2008,0.948391122203405
12,"seaweeds",2009,1
4,"seaweeds",2009,1
8,"seaweeds",2009,1
10,"seaweeds",2009,1
2,"seaweeds",2009,1
14,"seaweeds",2009,1
7,"seaweeds",2009,1
11,"seaweeds",2009,1
5,"seaweeds",2009,1
3,"seaweeds",2009,1
1,"seaweeds",2009,1
9,"seaweeds",2009,1
6,"seaweeds",2009,1
13,"seaweeds",2009,1
12,"seaweeds",2010,1
4,"seaweeds",2010,1
8,"seaweeds",2010,1
10,"seaweeds",2010,1
2,"seaweeds",2010,1
14,"seaweeds",2010,1
7,"seaweeds",2010,1
11,"seaweeds",2010,1
5,"seaweeds",2010,1
3,"seaweeds",2010,1
1,"seaweeds",2010,1
9,"seaweeds",2010,1
6,"seaweeds",2010,1
13,"seaweeds",2010,1
12,"seaweeds",2011,1
4,"seaweeds",2011,1
8,"seaweeds",2011,1
10,"seaweeds",2011,1
2,"seaweeds",2011,1
14,"seaweeds",2011,1
7,"seaweeds",2011,1
11,"seaweeds",2011,1
5,"seaweeds",2011,1
3,"seaweeds",2011,1
1,"seaweeds",2011,1
9,"seaweeds",2011,1
6,"seaweeds",2011,1
13,"seaweeds",2011,1
12,"shells",1976,1
4,"shells",1976,1
8,"shells",1976,1
10,"shells",1976,1
2,"shells",1976,1
14,"shells",1976,1
7,"shells",1976,1
11,"shells",1976,1
5,"shells",1976,1
3,"shells",1976,1
1,"shells",1976,1
9,"shells",1976,1
6,"shells",1976,1
13,"shells",1976,1
12,"shells",1977,1
4,"shells",1977,1
8,"shells",1977,1
10,"shells",1977,1
2,"shells",1977,1
14,"shells",1977,1
7,"shells",1977,1
11,"shells",1977,1
5,"shells",1977,1
3,"shells",1977,1
1,"shells",1977,1
9,"shells",1977,1
6,"shells",1977,1
13,"shells",1977,1
12,"shells",1978,1
4,"shells",1978,1
8,"shells",1978,1
10,"shells",1978,1
2,"shells",1978,1
14,"shells",1978,1
7,"shells",1978,1
11,"shells",1978,1
5,"shells",1978,1
3,"shells",1978,1
1,"shells",1978,1
9,"shells",1978,1
6,"shells",1978,1
13,"shells",1978,1
12,"shells",1979,1
4,"shells",1979,1
8,"shells",1979,1
10,"shells",1979,1
2,"shells",1979,1
14,"shells",1979,1
7,"shells",1979,1
11,"shells",1979,1
5,"shells",1979,1
3,"shells",1979,1
1,"shells",1979,1
9,"shells",1979,1
6,"shells",1979,1
13,"shells",1979,1
12,"shells",1980,1
4,"shells",1980,1
8,"shells",1980,1
10,"shells",1980,1
2,"shells",1980,1
14,"shells",1980,1
7,"shells",1980,1
11,"shells",1980,1
5,"shells",1980,1
3,"shells",1980,1
1,"shells",1980,1
9,"shells",1980,1
6,"shells",1980,1
13,"shells",1980,1
12,"shells",1981,1
4,"shells",1981,1
8,"shells",1981,1
10,"shells",1981,1
2,"shells",1981,1
14,"shells",1981,1
7,"shells",1981,1
11,"shells",1981,1
5,"shells",1981,1
3,"shells",1981,1
1,"shells",1981,1
9,"shells",1981,1
6,"shells",1981,1
13,"shells",1981,1
12,"shells",1982,1
4,"shells",1982,1
8,"shells",1982,1
10,"shells",1982,1
2,"shells",1982,1
14,"shells",1982,1
7,"shells",1982,1
11,"shells",1982,1
5,"shells",1982,1
3,"shells",1982,1
1,"shells",1982,1
9,"shells",1982,1
6,"shells",1982,1
13,"shells",1982,1
12,"shells",1983,1
4,"shells",1983,1
8,"shells",1983,1
10,"shells",1983,1
2,"shells",1983,1
14,"shells",1983,1
7,"shells",1983,1
11,"shells",1983,1
5,"shells",1983,1
3,"shells",1983,1
1,"shells",1983,1
9,"shells",1983,1
6,"shells",1983,1
13,"shells",1983,1
12,"shells",1984,1
4,"shells",1984,1
8,"shells",1984,1
10,"shells",1984,1
2,"shells",1984,1
14,"shells",1984,1
7,"shells",1984,1
11,"shells",1984,1
5,"shells",1984,1
3,"shells",1984,1
1,"shells",1984,1
9,"shells",1984,1
6,"shells",1984,1
13,"shells",1984,1
12,"shells",1985,1
4,"shells",1985,1
8,"shells",1985,1
10,"shells",1985,1
2,"shells",1985,1
14,"shells",1985,1
7,"shells",1985,1
11,"shells",1985,1
5,"shells",1985,1
3,"shells",1985,1
1,"shells",1985,1
9,"shells",1985,1
6,"shells",1985,1
13,"shells",1985,1
12,"shells",1986,1
4,"shells",1986,1
8,"shells",1986,1
10,"shells",1986,1
2,"shells",1986,1
14,"shells",1986,1
7,"shells",1986,1
11,"shells",1986,1
5,"shells",1986,1
3,"shells",1986,1
1,"shells",1986,1
9,"shells",1986,1
6,"shells",1986,1
13,"shells",1986,1
12,"shells",1987,1
4,"shells",1987,1
8,"shells",1987,1
10,"shells",1987,1
2,"shells",1987,1
14,"shells",1987,1
7,"shells",1987,1
11,"shells",1987,1
5,"shells",1987,1
3,"shells",1987,1
1,"shells",1987,1
9,"shells",1987,1
6,"shells",1987,1
13,"shells",1987,1
12,"shells",1988,1
4,"shells",1988,1
8,"shells",1988,1
10,"shells",1988,1
2,"shells",1988,1
14,"shells",1988,1
7,"shells",1988,1
11,"shells",1988,1
5,"shells",1988,1
3,"shells",1988,1
1,"shells",1988,1
9,"shells",1988,1
6,"shells",1988,1
13,"shells",1988,1
12,"shells",1989,0.769899201759952
4,"shells",1989,0.769899201759952
8,"shells",1989,0.769899201759952
10,"shells",1989,0.769899201759952
2,"shells",1989,0.769899201759952
14,"shells",1989,0.769899201759952
7,"shells",1989,0.769899201759952
11,"shells",1989,0.769899201759952
5,"shells",1989,0.769899201759952
3,"shells",1989,0.769899201759952
1,"shells",1989,0.769899201759952
9,"shells",1989,0.769899201759952
6,"shells",1989,0.769899201759952
13,"shells",1989,0.769899201759952
12,"shells",1990,0.399791920070708
4,"shells",1990,0.399791920070708
8,"shells",1990,0.399791920070708
10,"shells",1990,0.399791920070708
2,"shells",1990,0.399791920070708
14,"shells",1990,0.399791920070708
7,"shells",1990,0.399791920070708
11,"shells",1990,0.399791920070708
5,"shells",1990,0.399791920070708
3,"shells",1990,0.399791920070708
1,"shells",1990,0.399791920070708
9,"shells",1990,0.399791920070708
6,"shells",1990,0.399791920070708
13,"shells",1990,0.399791920070708
12,"shells",1991,0
4,"shells",1991,0
8,"shells",1991,0
10,"shells",1991,0
2,"shells",1991,0
14,"shells",1991,0
7,"shells",1991,0
11,"shells",1991,0
5,"shells",1991,0
3,"shells",1991,0
1,"shells",1991,0
9,"shells",1991,0
6,"shells",1991,0
13,"shells",1991,0
12,"shells",1992,0.32549200790205
4,"shells",1992,0.32549200790205
8,"shells",1992,0.32549200790205
10,"shells",1992,0.32549200790205
2,"shells",1992,0.32549200790205
14,"shells",1992,0.32549200790205
7,"shells",1992,0.32549200790205
11,"shells",1992,0.32549200790205
5,"shells",1992,0.32549200790205
3,"shells",1992,0.32549200790205
1,"shells",1992,0.32549200790205
9,"shells",1992,0.32549200790205
6,"shells",1992,0.32549200790205
13,"shells",1992,0.32549200790205
12,"shells",1993,0.571416301164527
4,"shells",1993,0.571416301164527
8,"shells",1993,0.571416301164527
10,"shells",1993,0.571416301164527
2,"shells",1993,0.571416301164527
14,"shells",1993,0.571416301164527
7,"shells",1993,0.571416301164527
11,"shells",1993,0.571416301164527
5,"shells",1993,0.571416301164527
3,"shells",1993,0.571416301164527
1,"shells",1993,0.571416301164527
9,"shells",1993,0.571416301164527
6,"shells",1993,0.571416301164527
13,"shells",1993,0.571416301164527
12,"shells",1994,0.887328597275289
4,"shells",1994,0.887328597275289
8,"shells",1994,0.887328597275289
10,"shells",1994,0.887328597275289
2,"shells",1994,0.887328597275289
14,"shells",1994,0.887328597275289
7,"shells",1994,0.887328597275289
11,"shells",1994,0.887328597275289
5,"shells",1994,0.887328597275289
3,"shells",1994,0.887328597275289
1,"shells",1994,0.887328597275289
9,"shells",1994,0.887328597275289
6,"shells",1994,0.887328597275289
13,"shells",1994,0.887328597275289
12,"shells",1995,1
4,"shells",1995,1
8,"shells",1995,1
10,"shells",1995,1
2,"shells",1995,1
14,"shells",1995,1
7,"shells",1995,1
11,"shells",1995,1
5,"shells",1995,1
3,"shells",1995,1
1,"shells",1995,1
9,"shells",1995,1
6,"shells",1995,1
13,"shells",1995,1
12,"shells",1996,1
4,"shells",1996,1
8,"shells",1996,1
10,"shells",1996,1
2,"shells",1996,1
14,"shells",1996,1
7,"shells",1996,1
11,"shells",1996,1
5,"shells",1996,1
3,"shells",1996,1
1,"shells",1996,1
9,"shells",1996,1
6,"shells",1996,1
13,"shells",1996,1
12,"shells",1997,1
4,"shells",1997,1
8,"shells",1997,1
10,"shells",1997,1
2,"shells",1997,1
14,"shells",1997,1
7,"shells",1997,1
11,"shells",1997,1
5,"shells",1997,1
3,"shells",1997,1
1,"shells",1997,1
9,"shells",1997,1
6,"shells",1997,1
13,"shells",1997,1
12,"shells",1998,0.800134517717272
4,"shells",1998,0.800134517717272
8,"shells",1998,0.800134517717272
10,"shells",1998,0.800134517717272
2,"shells",1998,0.800134517717272
14,"shells",1998,0.800134517717272
7,"shells",1998,0.800134517717272
11,"shells",1998,0.800134517717272
5,"shells",1998,0.800134517717272
3,"shells",1998,0.800134517717272
1,"shells",1998,0.800134517717272
9,"shells",1998,0.800134517717272
6,"shells",1998,0.800134517717272
13,"shells",1998,0.800134517717272
12,"shells",1999,0.581910345534594
4,"shells",1999,0.581910345534594
8,"shells",1999,0.581910345534594
10,"shells",1999,0.581910345534594
2,"shells",1999,0.581910345534594
14,"shells",1999,0.581910345534594
7,"shells",1999,0.581910345534594
11,"shells",1999,0.581910345534594
5,"shells",1999,0.581910345534594
3,"shells",1999,0.581910345534594
1,"shells",1999,0.581910345534594
9,"shells",1999,0.581910345534594
6,"shells",1999,0.581910345534594
13,"shells",1999,0.581910345534594
12,"shells",2000,0.63050504406806
4,"shells",2000,0.63050504406806
8,"shells",2000,0.63050504406806
10,"shells",2000,0.63050504406806
2,"shells",2000,0.63050504406806
14,"shells",2000,0.63050504406806
7,"shells",2000,0.63050504406806
11,"shells",2000,0.63050504406806
5,"shells",2000,0.63050504406806
3,"shells",2000,0.63050504406806
1,"shells",2000,0.63050504406806
9,"shells",2000,0.63050504406806
6,"shells",2000,0.63050504406806
13,"shells",2000,0.63050504406806
12,"shells",2001,0.82593324263893
4,"shells",2001,0.82593324263893
8,"shells",2001,0.82593324263893
10,"shells",2001,0.82593324263893
2,"shells",2001,0.82593324263893
14,"shells",2001,0.82593324263893
7,"shells",2001,0.82593324263893
11,"shells",2001,0.82593324263893
5,"shells",2001,0.82593324263893
3,"shells",2001,0.82593324263893
1,"shells",2001,0.82593324263893
9,"shells",2001,0.82593324263893
6,"shells",2001,0.82593324263893
13,"shells",2001,0.82593324263893
12,"shells",2002,0.771894109204558
4,"shells",2002,0.771894109204558
8,"shells",2002,0.771894109204558
10,"shells",2002,0.771894109204558
2,"shells",2002,0.771894109204558
14,"shells",2002,0.771894109204558
7,"shells",2002,0.771894109204558
11,"shells",2002,0.771894109204558
5,"shells",2002,0.771894109204558
3,"shells",2002,0.771894109204558
1,"shells",2002,0.771894109204558
9,"shells",2002,0.771894109204558
6,"shells",2002,0.771894109204558
13,"shells",2002,0.771894109204558
12,"shells",2003,0.587874287582532
4,"shells",2003,0.587874287582532
8,"shells",2003,0.587874287582532
10,"shells",2003,0.587874287582532
2,"shells",2003,0.587874287582532
14,"shells",2003,0.587874287582532
7,"shells",2003,0.587874287582532
11,"shells",2003,0.587874287582532
5,"shells",2003,0.587874287582532
3,"shells",2003,0.587874287582532
1,"shells",2003,0.587874287582532
9,"shells",2003,0.587874287582532
6,"shells",2003,0.587874287582532
13,"shells",2003,0.587874287582532
12,"shells",2004,0.336256195988574
4,"shells",2004,0.336256195988574
8,"shells",2004,0.336256195988574
10,"shells",2004,0.336256195988574
2,"shells",2004,0.336256195988574
14,"shells",2004,0.336256195988574
7,"shells",2004,0.336256195988574
11,"shells",2004,0.336256195988574
5,"shells",2004,0.336256195988574
3,"shells",2004,0.336256195988574
1,"shells",2004,0.336256195988574
9,"shells",2004,0.336256195988574
6,"shells",2004,0.336256195988574
13,"shells",2004,0.336256195988574
12,"shells",2005,0.102945536256057
4,"shells",2005,0.102945536256057
8,"shells",2005,0.102945536256057
10,"shells",2005,0.102945536256057
2,"shells",2005,0.102945536256057
14,"shells",2005,0.102945536256057
7,"shells",2005,0.102945536256057
11,"shells",2005,0.102945536256057
5,"shells",2005,0.102945536256057
3,"shells",2005,0.102945536256057
1,"shells",2005,0.102945536256057
9,"shells",2005,0.102945536256057
6,"shells",2005,0.102945536256057
13,"shells",2005,0.102945536256057
12,"shells",2006,0.0745388854562935
4,"shells",2006,0.0745388854562935
8,"shells",2006,0.0745388854562935
10,"shells",2006,0.0745388854562935
2,"shells",2006,0.0745388854562935
14,"shells",2006,0.0745388854562935
7,"shells",2006,0.0745388854562935
11,"shells",2006,0.0745388854562935
5,"shells",2006,0.0745388854562935
3,"shells",2006,0.0745388854562935
1,"shells",2006,0.0745388854562935
9,"shells",2006,0.0745388854562935
6,"shells",2006,0.0745388854562935
13,"shells",2006,0.0745388854562935
12,"shells",2007,0.061177161634605
4,"shells",2007,0.061177161634605
8,"shells",2007,0.061177161634605
10,"shells",2007,0.061177161634605
2,"shells",2007,0.061177161634605
14,"shells",2007,0.061177161634605
7,"shells",2007,0.061177161634605
11,"shells",2007,0.061177161634605
5,"shells",2007,0.061177161634605
3,"shells",2007,0.061177161634605
1,"shells",2007,0.061177161634605
9,"shells",2007,0.061177161634605
6,"shells",2007,0.061177161634605
13,"shells",2007,0.061177161634605
12,"shells",2008,0.0645539580903194
4,"shells",2008,0.0645539580903194
8,"shells",2008,0.0645539580903194
10,"shells",2008,0.0645539580903194
2,"shells",2008,0.0645539580903194
14,"shells",2008,0.0645539580903194
7,"shells",2008,0.0645539580903194
11,"shells",2008,0.0645539580903194
5,"shells",2008,0.0645539580903194
3,"shells",2008,0.0645539580903194
1,"shells",2008,0.0645539580903194
9,"shells",2008,0.0645539580903194
6,"shells",2008,0.0645539580903194
13,"shells",2008,0.0645539580903194
12,"shells",2009,0.0704971198523768
4,"shells",2009,0.0704971198523768
8,"shells",2009,0.0704971198523768
10,"shells",2009,0.0704971198523768
2,"shells",2009,0.0704971198523768
14,"shells",2009,0.0704971198523768
7,"shells",2009,0.0704971198523768
11,"shells",2009,0.0704971198523768
5,"shells",2009,0.0704971198523768
3,"shells",2009,0.0704971198523768
1,"shells",2009,0.0704971198523768
9,"shells",2009,0.0704971198523768
6,"shells",2009,0.0704971198523768
13,"shells",2009,0.0704971198523768
12,"shells",2010,0.0685333828365921
4,"shells",2010,0.0685333828365921
8,"shells",2010,0.0685333828365921
10,"shells",2010,0.0685333828365921
2,"shells",2010,0.0685333828365921
14,"shells",2010,0.0685333828365921
7,"shells",2010,0.0685333828365921
11,"shells",2010,0.0685333828365921
5,"shells",2010,0.0685333828365921
3,"shells",2010,0.0685333828365921
1,"shells",2010,0.0685333828365921
9,"shells",2010,0.0685333828365921
6,"shells",2010,0.0685333828365921
13,"shells",2010,0.0685333828365921
12,"shells",2011,0.0692606928424383
4,"shells",2011,0.0692606928424383
8,"shells",2011,0.0692606928424383
10,"shells",2011,0.0692606928424383
2,"shells",2011,0.0692606928424383
14,"shells",2011,0.0692606928424383
7,"shells",2011,0.0692606928424383
11,"shells",2011,0.0692606928424383
5,"shells",2011,0.0692606928424383
3,"shells",2011,0.0692606928424383
1,"shells",2011,0.0692606928424383
9,"shells",2011,0.0692606928424383
6,"shells",2011,0.0692606928424383
13,"shells",2011,0.0692606928424383
12,"sponges",1988,0.0372960372960373
4,"sponges",1988,0.0372960372960373
8,"sponges",1988,0.0372960372960373
10,"sponges",1988,0.0372960372960373
2,"sponges",1988,0.0372960372960373
14,"sponges",1988,0.0372960372960373
7,"sponges",1988,0.0372960372960373
11,"sponges",1988,0.0372960372960373
5,"sponges",1988,0.0372960372960373
3,"sponges",1988,0.0372960372960373
1,"sponges",1988,0.0372960372960373
9,"sponges",1988,0.0372960372960373
6,"sponges",1988,0.0372960372960373
13,"sponges",1988,0.0372960372960373
12,"sponges",1989,0.027972027972028
4,"sponges",1989,0.027972027972028
8,"sponges",1989,0.027972027972028
10,"sponges",1989,0.027972027972028
2,"sponges",1989,0.027972027972028
14,"sponges",1989,0.027972027972028
7,"sponges",1989,0.027972027972028
11,"sponges",1989,0.027972027972028
5,"sponges",1989,0.027972027972028
3,"sponges",1989,0.027972027972028
1,"sponges",1989,0.027972027972028
9,"sponges",1989,0.027972027972028
6,"sponges",1989,0.027972027972028
13,"sponges",1989,0.027972027972028
12,"sponges",1990,0
4,"sponges",1990,0
8,"sponges",1990,0
10,"sponges",1990,0
2,"sponges",1990,0
14,"sponges",1990,0
7,"sponges",1990,0
11,"sponges",1990,0
5,"sponges",1990,0
3,"sponges",1990,0
1,"sponges",1990,0
9,"sponges",1990,0
6,"sponges",1990,0
13,"sponges",1990,0
12,"sponges",1991,0
4,"sponges",1991,0
8,"sponges",1991,0
10,"sponges",1991,0
2,"sponges",1991,0
14,"sponges",1991,0
7,"sponges",1991,0
11,"sponges",1991,0
5,"sponges",1991,0
3,"sponges",1991,0
1,"sponges",1991,0
9,"sponges",1991,0
6,"sponges",1991,0
13,"sponges",1991,0
12,"sponges",1992,0.0559440559440559
4,"sponges",1992,0.0559440559440559
8,"sponges",1992,0.0559440559440559
10,"sponges",1992,0.0559440559440559
2,"sponges",1992,0.0559440559440559
14,"sponges",1992,0.0559440559440559
7,"sponges",1992,0.0559440559440559
11,"sponges",1992,0.0559440559440559
5,"sponges",1992,0.0559440559440559
3,"sponges",1992,0.0559440559440559
1,"sponges",1992,0.0559440559440559
9,"sponges",1992,0.0559440559440559
6,"sponges",1992,0.0559440559440559
13,"sponges",1992,0.0559440559440559
12,"sponges",1993,1
4,"sponges",1993,1
8,"sponges",1993,1
10,"sponges",1993,1
2,"sponges",1993,1
14,"sponges",1993,1
7,"sponges",1993,1
11,"sponges",1993,1
5,"sponges",1993,1
3,"sponges",1993,1
1,"sponges",1993,1
9,"sponges",1993,1
6,"sponges",1993,1
13,"sponges",1993,1
12,"sponges",1994,1
4,"sponges",1994,1
8,"sponges",1994,1
10,"sponges",1994,1
2,"sponges",1994,1
14,"sponges",1994,1
7,"sponges",1994,1
11,"sponges",1994,1
5,"sponges",1994,1
3,"sponges",1994,1
1,"sponges",1994,1
9,"sponges",1994,1
6,"sponges",1994,1
13,"sponges",1994,1
12,"sponges",1995,1
4,"sponges",1995,1
8,"sponges",1995,1
10,"sponges",1995,1
2,"sponges",1995,1
14,"sponges",1995,1
7,"sponges",1995,1
11,"sponges",1995,1
5,"sponges",1995,1
3,"sponges",1995,1
1,"sponges",1995,1
9,"sponges",1995,1
6,"sponges",1995,1
13,"sponges",1995,1
12,"sponges",1996,1
4,"sponges",1996,1
8,"sponges",1996,1
10,"sponges",1996,1
2,"sponges",1996,1
14,"sponges",1996,1
7,"sponges",1996,1
11,"sponges",1996,1
5,"sponges",1996,1
3,"sponges",1996,1
1,"sponges",1996,1
9,"sponges",1996,1
6,"sponges",1996,1
13,"sponges",1996,1
12,"sponges",1997,0
4,"sponges",1997,0
8,"sponges",1997,0
10,"sponges",1997,0
2,"sponges",1997,0
14,"sponges",1997,0
7,"sponges",1997,0
11,"sponges",1997,0
5,"sponges",1997,0
3,"sponges",1997,0
1,"sponges",1997,0
9,"sponges",1997,0
6,"sponges",1997,0
13,"sponges",1997,0
12,"sponges",1998,0
4,"sponges",1998,0
8,"sponges",1998,0
10,"sponges",1998,0
2,"sponges",1998,0
14,"sponges",1998,0
7,"sponges",1998,0
11,"sponges",1998,0
5,"sponges",1998,0
3,"sponges",1998,0
1,"sponges",1998,0
9,"sponges",1998,0
6,"sponges",1998,0
13,"sponges",1998,0
12,"sponges",1999,0
4,"sponges",1999,0
8,"sponges",1999,0
10,"sponges",1999,0
2,"sponges",1999,0
14,"sponges",1999,0
7,"sponges",1999,0
11,"sponges",1999,0
5,"sponges",1999,0
3,"sponges",1999,0
1,"sponges",1999,0
9,"sponges",1999,0
6,"sponges",1999,0
13,"sponges",1999,0
12,"sponges",2000,0
4,"sponges",2000,0
8,"sponges",2000,0
10,"sponges",2000,0
2,"sponges",2000,0
14,"sponges",2000,0
7,"sponges",2000,0
11,"sponges",2000,0
5,"sponges",2000,0
3,"sponges",2000,0
1,"sponges",2000,0
9,"sponges",2000,0
6,"sponges",2000,0
13,"sponges",2000,0
12,"sponges",2001,0
4,"sponges",2001,0
8,"sponges",2001,0
10,"sponges",2001,0
2,"sponges",2001,0
14,"sponges",2001,0
7,"sponges",2001,0
11,"sponges",2001,0
5,"sponges",2001,0
3,"sponges",2001,0
1,"sponges",2001,0
9,"sponges",2001,0
6,"sponges",2001,0
13,"sponges",2001,0
12,"sponges",2002,0
4,"sponges",2002,0
8,"sponges",2002,0
10,"sponges",2002,0
2,"sponges",2002,0
14,"sponges",2002,0
7,"sponges",2002,0
11,"sponges",2002,0
5,"sponges",2002,0
3,"sponges",2002,0
1,"sponges",2002,0
9,"sponges",2002,0
6,"sponges",2002,0
13,"sponges",2002,0
12,"sponges",2003,0
4,"sponges",2003,0
8,"sponges",2003,0
10,"sponges",2003,0
2,"sponges",2003,0
14,"sponges",2003,0
7,"sponges",2003,0
11,"sponges",2003,0
5,"sponges",2003,0
3,"sponges",2003,0
1,"sponges",2003,0
9,"sponges",2003,0
6,"sponges",2003,0
13,"sponges",2003,0
12,"sponges",2004,0
4,"sponges",2004,0
8,"sponges",2004,0
10,"sponges",2004,0
2,"sponges",2004,0
14,"sponges",2004,0
7,"sponges",2004,0
11,"sponges",2004,0
5,"sponges",2004,0
3,"sponges",2004,0
1,"sponges",2004,0
9,"sponges",2004,0
6,"sponges",2004,0
13,"sponges",2004,0
12,"sponges",2005,0.27972027972028
4,"sponges",2005,0.27972027972028
8,"sponges",2005,0.27972027972028
10,"sponges",2005,0.27972027972028
2,"sponges",2005,0.27972027972028
14,"sponges",2005,0.27972027972028
7,"sponges",2005,0.27972027972028
11,"sponges",2005,0.27972027972028
5,"sponges",2005,0.27972027972028
3,"sponges",2005,0.27972027972028
1,"sponges",2005,0.27972027972028
9,"sponges",2005,0.27972027972028
6,"sponges",2005,0.27972027972028
13,"sponges",2005,0.27972027972028
12,"sponges",2006,0.979020979020979
4,"sponges",2006,0.979020979020979
8,"sponges",2006,0.979020979020979
10,"sponges",2006,0.979020979020979
2,"sponges",2006,0.979020979020979
14,"sponges",2006,0.979020979020979
7,"sponges",2006,0.979020979020979
11,"sponges",2006,0.979020979020979
5,"sponges",2006,0.979020979020979
3,"sponges",2006,0.979020979020979
1,"sponges",2006,0.979020979020979
9,"sponges",2006,0.979020979020979
6,"sponges",2006,0.979020979020979
13,"sponges",2006,0.979020979020979
12,"sponges",2007,1
4,"sponges",2007,1
8,"sponges",2007,1
10,"sponges",2007,1
2,"sponges",2007,1
14,"sponges",2007,1
7,"sponges",2007,1
11,"sponges",2007,1
5,"sponges",2007,1
3,"sponges",2007,1
1,"sponges",2007,1
9,"sponges",2007,1
6,"sponges",2007,1
13,"sponges",2007,1
12,"sponges",2008,1
4,"sponges",2008,1
8,"sponges",2008,1
10,"sponges",2008,1
2,"sponges",2008,1
14,"sponges",2008,1
7,"sponges",2008,1
11,"sponges",2008,1
5,"sponges",2008,1
3,"sponges",2008,1
1,"sponges",2008,1
9,"sponges",2008,1
6,"sponges",2008,1
13,"sponges",2008,1
12,"sponges",2009,1
4,"sponges",2009,1
8,"sponges",2009,1
10,"sponges",2009,1
2,"sponges",2009,1
14,"sponges",2009,1
7,"sponges",2009,1
11,"sponges",2009,1
5,"sponges",2009,1
3,"sponges",2009,1
1,"sponges",2009,1
9,"sponges",2009,1
6,"sponges",2009,1
13,"sponges",2009,1
12,"sponges",2010,0.932400932400932
4,"sponges",2010,0.932400932400932
8,"sponges",2010,0.932400932400932
10,"sponges",2010,0.932400932400932
2,"sponges",2010,0.932400932400932
14,"sponges",2010,0.932400932400932
7,"sponges",2010,0.932400932400932
11,"sponges",2010,0.932400932400932
5,"sponges",2010,0.932400932400932
3,"sponges",2010,0.932400932400932
1,"sponges",2010,0.932400932400932
9,"sponges",2010,0.932400932400932
6,"sponges",2010,0.932400932400932
13,"sponges",2010,0.932400932400932
12,"sponges",2011,1
4,"sponges",2011,1
8,"sponges",2011,1
10,"sponges",2011,1
2,"sponges",2011,1
14,"sponges",2011,1
7,"sponges",2011,1
11,"sponges",2011,1
5,"sponges",2011,1
3,"sponges",2011,1
1,"sponges",2011,1
9,"sponges",2011,1
6,"sponges",2011,1
13,"sponges",2011,1
