"rgn_id","product","year","tonnes"
12,"fish_oil",1976,10819.9157609926
4,"fish_oil",1976,3392.14554503315
8,"fish_oil",1976,2631.82598040435
10,"fish_oil",1976,2209.67058591607
2,"fish_oil",1976,11644.2685797375
14,"fish_oil",1976,8747.17268129105
7,"fish_oil",1976,3135.11757415862
11,"fish_oil",1976,3092.79395748529
5,"fish_oil",1976,476.517969767894
3,"fish_oil",1976,4882.62622609264
1,"fish_oil",1976,11810.4092754867
9,"fish_oil",1976,1637.55977253512
6,"fish_oil",1976,8602.14182132875
13,"fish_oil",1976,2314.83426977023
12,"fish_oil",1977,10434.7817513694
4,"fish_oil",1977,3271.40240397339
8,"fish_oil",1977,2538.14635157416
10,"fish_oil",1977,2131.01754355428
2,"fish_oil",1977,11229.7917994827
14,"fish_oil",1977,8435.81779073287
7,"fish_oil",1977,3023.52332253524
11,"fish_oil",1977,2982.70621150865
5,"fish_oil",1977,459.556351913542
3,"fish_oil",1977,4708.82954805139
1,"fish_oil",1977,11390.0187308617
9,"fish_oil",1977,1579.27096741634
6,"fish_oil",1977,8295.94929227599
13,"fish_oil",1977,2232.43793475033
12,"fish_oil",1978,11123.072014492
4,"fish_oil",1978,3487.18788708764
8,"fish_oil",1978,2705.56541809557
10,"fish_oil",1978,2271.58192340626
2,"fish_oil",1978,11970.5218441206
14,"fish_oil",1978,8992.25408093861
7,"fish_oil",1978,3222.95841498001
11,"fish_oil",1978,3179.44896014041
5,"fish_oil",1978,489.869219965312
3,"fish_oil",1978,5019.42938673061
1,"fish_oil",1978,12141.3175290573
9,"fish_oil",1978,1683.44150548843
6,"fish_oil",1978,8843.15969468654
13,"fish_oil",1978,2379.69212081059
12,"fish_oil",1979,11639.0116691164
4,"fish_oil",1979,3648.93983041139
8,"fish_oil",1979,2831.0620871414
10,"fish_oil",1979,2376.94842570761
2,"fish_oil",1979,12525.7701512323
14,"fish_oil",1979,9409.35651979442
7,"fish_oil",1979,3372.45417022881
11,"fish_oil",1979,3326.9265451325
5,"fish_oil",1979,512.591625774668
3,"fish_oil",1979,5252.25379538559
1,"fish_oil",1979,12704.4881319685
9,"fish_oil",1979,1761.52732816316
6,"fish_oil",1979,9253.34644459877
13,"fish_oil",1979,2490.07327534447
12,"fish_oil",1980,11773.4767150472
4,"fish_oil",1980,3691.09588934869
8,"fish_oil",1980,2863.76923654574
10,"fish_oil",1980,2404.40921776834
2,"fish_oil",1980,12670.4798831741
14,"fish_oil",1980,9518.06244711739
7,"fish_oil",1980,3411.41600116355
11,"fish_oil",1980,3365.36239719775
5,"fish_oil",1980,518.513576749806
3,"fish_oil",1980,5312.93287776086
1,"fish_oil",1980,12851.2625857416
9,"fish_oil",1980,1781.87818438908
6,"fish_oil",1980,9360.24999363368
13,"fish_oil",1980,2518.84099436214
12,"fish_oil",1981,11901.6275005502
4,"fish_oil",1981,3731.2723681438
8,"fish_oil",1981,2894.94051127154
10,"fish_oil",1981,2430.58049558076
2,"fish_oil",1981,12808.3942808518
14,"fish_oil",1981,9621.66372043586
7,"fish_oil",1981,3448.54824772142
11,"fish_oil",1981,3401.9933640006
5,"fish_oil",1981,524.157442513732
3,"fish_oil",1981,5370.76256886131
1,"fish_oil",1981,12991.1447492628
9,"fish_oil",1981,1801.27339741975
6,"fish_oil",1981,9462.13352542468
13,"fish_oil",1981,2546.25782796168
12,"fish_oil",1982,10442.100553229
4,"fish_oil",1982,3273.69691732003
8,"fish_oil",1982,2539.92656995156
10,"fish_oil",1982,2132.51220779664
2,"fish_oil",1982,11237.6682096524
14,"fish_oil",1982,8441.73454878353
7,"fish_oil",1982,3025.64397715389
11,"fish_oil",1982,2984.79823760825
5,"fish_oil",1982,459.878677953811
3,"fish_oil",1982,4712.13225157448
1,"fish_oil",1982,11398.0075218355
9,"fish_oil",1982,1580.37864475627
6,"fish_oil",1982,8301.76794862688
13,"fish_oil",1982,2234.00373375769
12,"fish_oil",1983,9445.38019409038
4,"fish_oil",1983,2961.21569282797
8,"fish_oil",1983,2297.48526131993
10,"fish_oil",1983,1928.95945298571
2,"fish_oil",1983,10165.0092521267
14,"fish_oil",1983,7635.95331268784
7,"fish_oil",1983,2736.83992511841
11,"fish_oil",1983,2699.89299692607
5,"fish_oil",1983,415.982295352078
3,"fish_oil",1983,4262.3493629539
1,"fish_oil",1983,10310.0438412794
9,"fish_oil",1983,1429.52819447121
6,"fish_oil",1983,7509.34681754688
13,"fish_oil",1983,2020.76340031353
12,"fish_oil",1984,9180.46826795549
4,"fish_oil",1984,2878.16330777112
8,"fish_oil",1984,2233.04833730669
10,"fish_oil",1984,1874.85846884044
2,"fish_oil",1984,9879.91409186576
14,"fish_oil",1984,7421.78987422658
7,"fish_oil",1984,2660.08054421603
11,"fish_oil",1984,2624.16985614437
5,"fish_oil",1984,404.315356718027
3,"fish_oil",1984,4142.80444719641
1,"fish_oil",1984,10020.8809366207
9,"fish_oil",1984,1389.43461859817
6,"fish_oil",1984,7298.734275905
13,"fish_oil",1984,1964.08761663519
12,"fish_oil",1985,8154.79558969569
4,"fish_oil",1985,2556.6052584225
8,"fish_oil",1985,1983.56469421154
10,"fish_oil",1985,1665.39299812955
2,"fish_oil",1985,8776.0969823451
14,"fish_oil",1985,6592.60263937165
7,"fish_oil",1985,2362.88743199797
11,"fish_oil",1985,2330.98880633288
5,"fish_oil",1985,359.1438902217
3,"fish_oil",1985,3679.95645199182
1,"fish_oil",1985,8901.31453883005
9,"fish_oil",1985,1234.2023270713
6,"fish_oil",1985,6483.29522484869
13,"fish_oil",1985,1744.65316652955
12,"fish_oil",1986,7571.83867098417
4,"fish_oil",1986,2373.84277131677
8,"fish_oil",1986,1841.76680982758
10,"fish_oil",1986,1546.34006051084
2,"fish_oil",1986,8148.72546838515
14,"fish_oil",1986,6121.32125914996
7,"fish_oil",1986,2193.97313347646
11,"fish_oil",1986,2164.35482548756
5,"fish_oil",1986,333.469989102429
3,"fish_oil",1986,3416.88964048812
1,"fish_oil",1986,8264.99167347273
9,"fish_oil",1986,1145.9736550289
6,"fish_oil",1986,6019.82783737051
13,"fish_oil",1986,1619.93420539881
12,"fish_oil",1987,6344.71955918598
4,"fish_oil",1987,1989.12936686329
8,"fish_oil",1987,1543.28352855064
10,"fish_oil",1987,1295.73468920737
2,"fish_oil",1987,6828.11402992824
14,"fish_oil",1987,5129.27815932212
7,"fish_oil",1987,1838.41004241674
11,"fish_oil",1987,1813.5917827875
5,"fish_oil",1987,279.426656350658
3,"fish_oil",1987,2863.13634978267
1,"fish_oil",1987,6925.53772020288
9,"fish_oil",1987,960.253087699324
6,"fish_oil",1987,5044.23312253859
13,"fish_oil",1987,1357.40190516399
12,"fish_oil",1988,5505.71220482648
4,"fish_oil",1988,1726.09265546846
8,"fish_oil",1988,1339.20418063979
10,"fish_oil",1988,1124.39048346233
2,"fish_oil",1988,5925.1839895893
14,"fish_oil",1988,4450.99725847503
7,"fish_oil",1988,1595.30401833994
11,"fish_oil",1988,1573.76765354578
5,"fish_oil",1988,242.4760839108
3,"fish_oil",1988,2484.52348414013
1,"fish_oil",1988,6009.72465298359
9,"fish_oil",1988,833.271998131747
6,"fish_oil",1988,4377.19833125514
13,"fish_oil",1988,1177.90300523147
12,"fish_oil",1989,6895.74641096087
4,"fish_oil",1989,2161.88147711358
8,"fish_oil",1989,1677.31477393517
10,"fish_oil",1989,1408.26678772947
2,"fish_oil",1989,7421.12277403009
14,"fish_oil",1989,5574.74623236199
7,"fish_oil",1989,1998.07246539611
11,"fish_oil",1989,1971.09878702181
5,"fish_oil",1989,303.694331117775
3,"fish_oil",1989,3111.79430768072
1,"fish_oil",1989,7527.0075269001
9,"fish_oil",1989,1043.6492458567
6,"fish_oil",1989,5482.31519554477
13,"fish_oil",1989,1475.28968435083
12,"fish_oil",1990,8558.47773932594
4,"fish_oil",1990,2683.16341614997
8,"fish_oil",1990,2081.75595490994
10,"fish_oil",1990,1747.83398859577
2,"fish_oil",1990,9210.53505700061
14,"fish_oil",1990,6918.95245106803
7,"fish_oil",1990,2479.85608772841
11,"fish_oil",1990,2446.37840276784
5,"fish_oil",1990,376.922383383988
3,"fish_oil",1990,3862.12321690287
1,"fish_oil",1990,9341.95118606992
9,"fish_oil",1990,1295.2983340761
6,"fish_oil",1990,6804.23405455542
13,"fish_oil",1990,1831.01772746518
12,"fish_oil",1991,10280.1900003245
4,"fish_oil",1991,3222.93643333282
8,"fish_oil",1991,2500.54360163198
10,"fish_oil",1991,2099.44642482703
2,"fish_oil",1991,11063.4219395742
14,"fish_oil",1991,8310.84077877058
7,"fish_oil",1991,2978.72969139922
11,"fish_oil",1991,2938.51728766949
5,"fish_oil",1991,452.748004327664
3,"fish_oil",1991,4639.0680309876
1,"fish_oil",1991,11221.2751019108
9,"fish_oil",1991,1555.87399850559
6,"fish_oil",1991,8173.04443827615
13,"fish_oil",1991,2199.36426846241
12,"fish_oil",1992,12363.7165591387
4,"fish_oil",1992,3876.14164218662
8,"fish_oil",1992,3007.33861274642
10,"fish_oil",1992,2524.94949284391
2,"fish_oil",1992,13305.68919745
14,"fish_oil",1992,9995.2315816738
7,"fish_oil",1992,3582.44055893792
11,"fish_oil",1992,3534.07814911278
5,"fish_oil",1992,544.508223879737
3,"fish_oil",1992,5579.28620306451
1,"fish_oil",1992,13495.5350813326
9,"fish_oil",1992,1871.20910398053
6,"fish_oil",1992,9829.5075146375
13,"fish_oil",1992,2645.11807901491
12,"fish_oil",1993,14595.1618437727
4,"fish_oil",1993,4575.72076539435
8,"fish_oil",1993,3550.11323351777
10,"fish_oil",1993,2980.66089748471
2,"fish_oil",1993,15707.1448824326
14,"fish_oil",1993,11799.2047053755
7,"fish_oil",1993,4229.011519578
11,"fish_oil",1993,4171.92049883382
5,"fish_oil",1993,642.782905510383
3,"fish_oil",1993,6586.25460369885
1,"fish_oil",1993,15931.254792053
9,"fish_oil",1993,2208.93123726216
6,"fish_oil",1993,11603.5701995023
13,"fish_oil",1993,3122.5179155839
12,"fish_oil",1994,15086.6337392389
4,"fish_oil",1994,4729.80183566707
8,"fish_oil",1994,3669.65838818427
10,"fish_oil",1994,3081.03053207383
2,"fish_oil",1994,16236.061269271
14,"fish_oil",1994,12196.5266099639
7,"fish_oil",1994,4371.41763536642
11,"fish_oil",1994,4312.40415343411
5,"fish_oil",1994,664.427731126291
3,"fish_oil",1994,6808.03762116388
1,"fish_oil",1994,16467.7177702381
9,"fish_oil",1994,2283.31394255534
6,"fish_oil",1994,11994.3043825944
13,"fish_oil",1994,3227.66438912258
12,"fish_oil",1995,16136.0207705831
4,"fish_oil",1995,5058.79455816339
8,"fish_oil",1995,3924.91028788461
10,"fish_oil",1995,3295.3390080014
2,"fish_oil",1995,17365.3994921357
14,"fish_oil",1995,13044.8853010516
7,"fish_oil",1995,4675.48208436353
11,"fish_oil",1995,4612.3637780095
5,"fish_oil",1995,710.643597194274
3,"fish_oil",1995,7281.58702337222
1,"fish_oil",1995,17613.1694172134
9,"fish_oil",1995,2442.13532585525
6,"fish_oil",1995,12828.5970211406
13,"fish_oil",1995,3452.1723350315
12,"fish_oil",1996,15371.0265938531
4,"fish_oil",1996,4818.96167536718
8,"fish_oil",1996,3738.83383464323
10,"fish_oil",1996,3139.10996074658
2,"fish_oil",1996,16542.1215801308
14,"fish_oil",1996,12426.4390661776
7,"fish_oil",1996,4453.82169988608
11,"fish_oil",1996,4393.69577545151
5,"fish_oil",1996,676.952625838117
3,"fish_oil",1996,6936.37355659313
1,"fish_oil",1996,16778.1449567534
9,"fish_oil",1996,2326.35589487733
6,"fish_oil",1996,12220.4048183467
13,"fish_oil",1996,3288.50796133523
12,"fish_oil",1997,13710.232595392
4,"fish_oil",1997,4298.28710751079
8,"fish_oil",1997,3334.86388794483
10,"fish_oil",1997,2799.93840629737
2,"fish_oil",1997,14754.794229264
14,"fish_oil",1997,11083.7990481321
7,"fish_oil",1997,3972.59942730577
11,"fish_oil",1997,3918.96993132009
5,"fish_oil",1997,603.809895170798
3,"fish_oil",1997,6186.91889242121
1,"fish_oil",1997,14965.3159775472
9,"fish_oil",1997,2075.00001536556
6,"fish_oil",1997,10900.0261918996
13,"fish_oil",1997,2933.19439442871
12,"fish_oil",1998,13917.060500886
4,"fish_oil",1998,4363.12960478228
8,"fish_oil",1998,3385.17251022765
10,"fish_oil",1998,2842.17732471524
2,"fish_oil",1998,14977.3800362662
14,"fish_oil",1998,11251.0054704952
7,"fish_oil",1998,4032.52871101409
11,"fish_oil",1998,3978.09017869366
5,"fish_oil",1998,612.918765867616
3,"fish_oil",1998,6280.25264639492
1,"fish_oil",1998,15191.0776440366
9,"fish_oil",1998,2106.30275980057
6,"fish_oil",1998,11064.4602794626
13,"fish_oil",1998,2977.44356735742
12,"fish_oil",1999,13619.1063369437
4,"fish_oil",1999,4269.71816682222
8,"fish_oil",1999,3312.6984238341
10,"fish_oil",1999,2781.32837112281
2,"fish_oil",1999,14656.7252006802
14,"fish_oil",1999,11010.1296096581
7,"fish_oil",1999,3946.19519823046
11,"fish_oil",1999,3892.92215537405
5,"fish_oil",1999,599.796619963527
3,"fish_oil",1999,6145.79699561406
1,"fish_oil",1999,14865.8476977757
9,"fish_oil",1999,2061.20834652516
6,"fish_oil",1999,10827.578215766
13,"fish_oil",1999,2913.69866168995
12,"fish_oil",2000,13834.4369681275
4,"fish_oil",2000,4337.22634871702
8,"fish_oil",2000,3365.07524099654
10,"fish_oil",2000,2825.3037377046
2,"fish_oil",2000,14888.4615430266
14,"fish_oil",2000,11184.2099126977
7,"fish_oil",2000,4008.58818362809
11,"fish_oil",2000,3954.47284483393
5,"fish_oil",2000,609.279957677716
3,"fish_oil",2000,6242.9677139749
1,"fish_oil",2000,15100.890459661
9,"fish_oil",2000,2093.79795139921
6,"fish_oil",2000,10998.7722129131
13,"fish_oil",2000,2959.76692464193
12,"fish_oil",2001,14128.0859545054
4,"fish_oil",2001,4429.28807294376
8,"fish_oil",2001,3436.50214010927
10,"fish_oil",2001,2885.27347703681
2,"fish_oil",2001,15204.4831961599
14,"fish_oil",2001,11421.6053276226
7,"fish_oil",2001,4093.67425251839
11,"fish_oil",2001,4038.41026456554
5,"fish_oil",2001,622.212500028706
3,"fish_oil",2001,6375.48059797747
1,"fish_oil",2001,15421.4211171138
9,"fish_oil",2001,2138.24078976878
6,"fish_oil",2001,11232.2315375798
13,"fish_oil",2001,3022.59077206977
12,"fish_oil",2002,14091.3125628087
4,"fish_oil",2002,4417.75926813834
8,"fish_oil",2002,3427.55741541891
10,"fish_oil",2002,2877.76352189746
2,"fish_oil",2002,15164.9080960424
14,"fish_oil",2002,11391.8765187896
7,"fish_oil",2002,4083.01900259627
11,"fish_oil",2002,4027.89885891803
5,"fish_oil",2002,620.592969679315
3,"fish_oil",2002,6358.88613174624
1,"fish_oil",2002,15381.2813585446
9,"fish_oil",2002,2132.67525411468
6,"fish_oil",2002,11202.9956416991
13,"fish_oil",2002,3014.7233996063
12,"fish_oil",2003,14403.330306795
4,"fish_oil",2003,4515.57977096058
8,"fish_oil",2003,3503.45231359648
10,"fish_oil",2003,2941.4845754066
2,"fish_oil",2003,15500.6979943075
14,"fish_oil",2003,11644.121836273
7,"fish_oil",2003,4173.42749876475
11,"fish_oil",2003,4117.08685395845
5,"fish_oil",2003,634.334487190195
3,"fish_oil",2003,6499.68815400285
1,"fish_oil",2003,15721.8623149119
9,"fish_oil",2003,2179.89814541585
6,"fish_oil",2003,11451.0586528935
13,"fish_oil",2003,3081.47709552322
12,"fish_oil",2004,15766.4571531514
4,"fish_oil",2004,4942.93288177246
8,"fish_oil",2004,3835.01798638673
10,"fish_oil",2004,3219.86579054739
2,"fish_oil",2004,16967.6793884184
14,"fish_oil",2004,12746.118023209
7,"fish_oil",2004,4568.39942148766
11,"fish_oil",2004,4506.72671500946
5,"fish_oil",2004,694.367712190299
3,"fish_oil",2004,7114.81668517912
1,"fish_oil",2004,17209.7746337777
9,"fish_oil",2004,2386.20304997927
6,"fish_oil",2004,12534.7833982461
13,"fish_oil",2004,3373.10716064491
12,"fish_oil",2005,16666.4903994875
4,"fish_oil",2005,5225.10178533708
8,"fish_oil",2005,4053.94121400322
10,"fish_oil",2005,3403.67285843098
2,"fish_oil",2005,17936.2847900255
14,"fish_oil",2005,13473.7342448609
7,"fish_oil",2005,4829.18796275229
11,"fish_oil",2005,4763.9946501111
5,"fish_oil",2005,734.005914995341
3,"fish_oil",2005,7520.96826990393
1,"fish_oil",2005,18192.2001198519
9,"fish_oil",2005,2522.42021383721
6,"fish_oil",2005,13250.3355152788
13,"fish_oil",2005,3565.66206112412
12,"fish_oil",2006,16934.2724439987
4,"fish_oil",2006,5309.05397954947
8,"fish_oil",2006,4119.07626287035
10,"fish_oil",2006,3458.35998541639
2,"fish_oil",2006,18224.4687385883
14,"fish_oil",2006,13690.217980597
7,"fish_oil",2006,4906.77897291688
11,"fish_oil",2006,4840.5381932848
5,"fish_oil",2006,745.799255998125
3,"fish_oil",2006,7641.80836351361
1,"fish_oil",2006,18484.495883716
9,"fish_oil",2006,2562.94817298082
6,"fish_oil",2006,13463.2298829407
13,"fish_oil",2006,3622.95188362888
12,"fish_oil",2007,19258.9606993837
4,"fish_oil",2007,6037.86565269798
8,"fish_oil",2007,4684.53121483216
10,"fish_oil",2007,3933.11370557636
2,"fish_oil",2007,20726.2714335273
14,"fish_oil",2007,15569.5717620127
7,"fish_oil",2007,5580.36748921314
11,"fish_oil",2007,5505.03336571598
5,"fish_oil",2007,848.180434582983
3,"fish_oil",2007,8690.8538546211
1,"fish_oil",2007,21021.9943578718
9,"fish_oil",2007,2914.78233276489
6,"fish_oil",2007,15311.4233906288
13,"fish_oil",2007,4120.30030657111
12,"fish_oil",2008,20684.1179791484
4,"fish_oil",2008,6484.66588888409
8,"fish_oil",2008,5031.18511102692
10,"fish_oil",2008,4224.16293284976
2,"fish_oil",2008,22260.009264812
14,"fish_oil",2008,16721.7153737997
7,"fish_oil",2008,5993.31299936566
11,"fish_oil",2008,5912.40417346412
5,"fish_oil",2008,910.945530777327
3,"fish_oil",2008,9333.97441712791
1,"fish_oil",2008,22577.6155963144
9,"fish_oil",2008,3130.47534576336
6,"fish_oil",2008,16444.4641008376
13,"fish_oil",2008,4425.20128582875
12,"fish_oil",2009,22148.0936099529
4,"fish_oil",2009,6943.63604389896
8,"fish_oil",2009,5387.28114587041
10,"fish_oil",2009,4523.1397420361
2,"fish_oil",2009,23835.5229578793
14,"fish_oil",2009,17905.2410062279
7,"fish_oil",2009,6417.50629528962
11,"fish_oil",2009,6330.87092356408
5,"fish_oil",2009,975.420219008784
3,"fish_oil",2009,9994.61226008564
1,"fish_oil",2009,24175.6087555101
9,"fish_oil",2009,3352.04339249622
6,"fish_oil",2009,17608.3665079664
13,"fish_oil",2009,4738.40714021369
12,"fish_oil",2010,23783.1402548129
4,"fish_oil",2010,7456.23857378913
8,"fish_oil",2010,5784.98833085878
10,"fish_oil",2010,4857.05310675684
2,"fish_oil",2010,25595.1413036881
14,"fish_oil",2010,19227.0660241377
7,"fish_oil",2010,6891.26816036347
11,"fish_oil",2010,6798.23707457058
5,"fish_oil",2010,1047.42901509326
3,"fish_oil",2010,10732.4480996085
1,"fish_oil",2010,25960.3333769278
9,"fish_oil",2010,3599.50249208497
6,"fish_oil",2010,18908.2752534928
13,"fish_oil",2010,5088.21226714821
12,"fish_oil",2011,23527.9388958513
4,"fish_oil",2011,7376.23054304189
8,"fish_oil",2011,5722.91339593451
10,"fish_oil",2011,4804.93523922073
2,"fish_oil",2011,25320.4965438485
14,"fish_oil",2011,19020.7529247894
7,"fish_oil",2011,6817.32245846493
11,"fish_oil",2011,6725.2896285485
5,"fish_oil",2011,1036.18973780676
3,"fish_oil",2011,10617.2852022509
1,"fish_oil",2011,25681.7699792474
9,"fish_oil",2011,3560.87857961067
6,"fish_oil",2011,18705.3828898851
13,"fish_oil",2011,5033.61398149926
12,"ornamentals",1988,1.29155326934671
4,"ornamentals",1988,0.404914119995469
8,"ornamentals",1988,0.314156184246577
10,"ornamentals",1988,0.263764278064706
2,"ornamentals",1988,1.38995473583349
14,"ornamentals",1988,1.04413377364642
7,"ornamentals",1988,0.37423316799644
11,"ornamentals",1988,0.369181076400488
5,"ornamentals",1988,0.0568810659298255
3,"ornamentals",1988,0.582830033487191
1,"ornamentals",1988,1.40978664243113
9,"ornamentals",1988,0.195472471753732
6,"ornamentals",1988,1.02682170897992
13,"ornamentals",1988,0.276317471887901
12,"ornamentals",1989,2.43960061987711
4,"ornamentals",1989,0.764837782213663
8,"ornamentals",1989,0.593406125799091
10,"ornamentals",1989,0.498221414122222
2,"ornamentals",1989,2.62547005657437
14,"ornamentals",1989,1.97225268355436
7,"ornamentals",1989,0.706884872882165
11,"ornamentals",1989,0.697342033200923
5,"ornamentals",1989,0.107442013423004
3,"ornamentals",1989,1.10090117436469
1,"ornamentals",1989,2.66293032459214
9,"ornamentals",1989,0.369225779979271
6,"ornamentals",1989,1.93955211696206
13,"ornamentals",1989,0.521933002454925
12,"ornamentals",1990,2.22434174165266
4,"ornamentals",1990,0.697352095547751
8,"ornamentals",1990,0.541046761757994
10,"ornamentals",1990,0.454260701111438
2,"ornamentals",1990,2.39381093393545
14,"ornamentals",1990,1.79823038794662
7,"ornamentals",1990,0.644512678216092
11,"ornamentals",1990,0.635811853800841
5,"ornamentals",1990,0.0979618357680327
3,"ornamentals",1990,1.00376283545016
1,"ornamentals",1990,2.42796588418695
9,"ornamentals",1990,0.336647034686982
6,"ornamentals",1990,1.76841516546541
13,"ornamentals",1990,0.475880090473608
12,"ornamentals",1991,2.36784766046896
4,"ornamentals",1991,0.742342553325026
8,"ornamentals",1991,0.575953004452058
10,"ornamentals",1991,0.483567843118627
2,"ornamentals",1991,2.54825034902806
14,"ornamentals",1991,1.91424525168511
7,"ornamentals",1991,0.686094141326807
11,"ornamentals",1991,0.676831973400896
5,"ornamentals",1991,0.10428195420468
3,"ornamentals",1991,1.06852172805985
1,"ornamentals",1991,2.58460884445708
9,"ornamentals",1991,0.358366198215175
6,"ornamentals",1991,1.88250646646318
13,"ornamentals",1991,0.506582031794486
12,"ornamentals",1992,2.22434174165266
4,"ornamentals",1992,0.697352095547751
8,"ornamentals",1992,0.541046761757994
10,"ornamentals",1992,0.454260701111438
2,"ornamentals",1992,2.39381093393545
14,"ornamentals",1992,1.79823038794662
7,"ornamentals",1992,0.644512678216092
11,"ornamentals",1992,0.635811853800841
5,"ornamentals",1992,0.0979618357680327
3,"ornamentals",1992,1.00376283545016
1,"ornamentals",1992,2.42796588418695
9,"ornamentals",1992,0.336647034686982
6,"ornamentals",1992,1.76841516546541
13,"ornamentals",1992,0.475880090473608
12,"ornamentals",1993,6.3501369076213
4,"ornamentals",1993,1.99082775664439
8,"ornamentals",1993,1.54460123921234
10,"ornamentals",1993,1.29684103381814
2,"ornamentals",1993,6.83394411784799
14,"ornamentals",1993,5.13365772042825
7,"ornamentals",1993,1.83997974264917
11,"ornamentals",1993,1.8151402923024
5,"ornamentals",1993,0.279665240821642
3,"ornamentals",1993,2.86558099797869
1,"ornamentals",1993,6.93145099195308
9,"ornamentals",1993,0.961072986122513
6,"ornamentals",1993,5.04854006915126
13,"ornamentals",1993,1.35856090344885
12,"ornamentals",1994,5.88374267146832
4,"ornamentals",1994,1.84460876886825
8,"ornamentals",1994,1.43115595045663
10,"ornamentals",1994,1.20159282229477
2,"ornamentals",1994,6.332016018797
14,"ornamentals",1994,4.75660941327815
7,"ornamentals",1994,1.70483998753934
11,"ornamentals",1994,1.68182490360223
5,"ornamentals",1994,0.259124855902538
3,"ornamentals",1994,2.6551145969972
1,"ornamentals",1994,6.42236137107517
9,"ornamentals",1994,0.890485704655888
6,"ornamentals",1994,4.67774334090851
13,"ornamentals",1994,1.258779594156
12,"ornamentals",1995,5.74023675265202
4,"ornamentals",1995,1.79961831109097
8,"ornamentals",1995,1.39624970776257
10,"ornamentals",1995,1.17228568028758
2,"ornamentals",1995,6.17757660370439
14,"ornamentals",1995,4.64059454953966
7,"ornamentals",1995,1.66325852442862
11,"ornamentals",1995,1.64080478400217
5,"ornamentals",1995,0.252804737465891
3,"ornamentals",1995,2.59035570438752
1,"ornamentals",1995,6.26571841080504
9,"ornamentals",1995,0.868766541127696
6,"ornamentals",1995,4.56365203991074
13,"ornamentals",1995,1.22807765283512
12,"ornamentals",1996,5.95549563087647
4,"ornamentals",1996,1.86710399775688
8,"ornamentals",1996,1.44860907180366
10,"ornamentals",1996,1.21624639329837
2,"ornamentals",1996,6.40923572634331
14,"ornamentals",1996,4.8146168451474
7,"ornamentals",1996,1.7256307190947
11,"ornamentals",1996,1.70233496340225
5,"ornamentals",1996,0.262284915120862
3,"ornamentals",1996,2.68749404330205
1,"ornamentals",1996,6.50068285121023
9,"ornamentals",1996,0.901345286419984
6,"ornamentals",1996,4.73478899140739
13,"ornamentals",1996,1.27413056481643
12,"ornamentals",1997,0.466394236152977
4,"ornamentals",1997,0.146218987776141
8,"ornamentals",1997,0.113445288755708
10,"ornamentals",1997,0.095248211523366
2,"ornamentals",1997,0.501928099050982
14,"ornamentals",1997,0.377048307150097
7,"ornamentals",1997,0.135139755109826
11,"ornamentals",1997,0.133315388700176
5,"ornamentals",1997,0.0205403849191036
3,"ornamentals",1997,0.210466400981486
1,"ornamentals",1997,0.50908962087791
9,"ornamentals",1997,0.0705872814666253
6,"ornamentals",1997,0.370796728242748
13,"ornamentals",1997,0.0997813092928533
12,"ornamentals",1998,0.502270715857052
4,"ornamentals",1998,0.15746660222046
8,"ornamentals",1998,0.122171849429225
10,"ornamentals",1998,0.102574997025163
2,"ornamentals",1998,0.540537952824135
14,"ornamentals",1998,0.40605202308472
7,"ornamentals",1998,0.145535120887505
11,"ornamentals",1998,0.14357041860019
5,"ornamentals",1998,0.0221204145282655
3,"ornamentals",1998,0.226656124133908
1,"ornamentals",1998,0.548250360945441
9,"ornamentals",1998,0.0760170723486734
6,"ornamentals",1998,0.39931955349219
13,"ornamentals",1998,0.107456794623073
12,"ornamentals",1999,0.645776634673353
4,"ornamentals",1999,0.202457059997734
8,"ornamentals",1999,0.157078092123289
10,"ornamentals",1999,0.131882139032353
2,"ornamentals",1999,0.694977367916744
14,"ornamentals",1999,0.522066886823212
7,"ornamentals",1999,0.18711658399822
11,"ornamentals",1999,0.184590538200244
5,"ornamentals",1999,0.0284405329649127
3,"ornamentals",1999,0.291415016743596
1,"ornamentals",1999,0.704893321215567
9,"ornamentals",1999,0.0977362358768658
6,"ornamentals",1999,0.513410854489958
13,"ornamentals",1999,0.138158735943951
12,"ornamentals",2000,0.322888317336676
4,"ornamentals",2000,0.101228529998867
8,"ornamentals",2000,0.0785390460616443
10,"ornamentals",2000,0.0659410695161765
2,"ornamentals",2000,0.347488683958372
14,"ornamentals",2000,0.261033443411606
7,"ornamentals",2000,0.0935582919991101
11,"ornamentals",2000,0.0922952691001221
5,"ornamentals",2000,0.0142202664824564
3,"ornamentals",2000,0.145707508371798
1,"ornamentals",2000,0.352446660607784
9,"ornamentals",2000,0.0488681179384329
6,"ornamentals",2000,0.256705427244979
13,"ornamentals",2000,0.0690793679719754
12,"ornamentals",2001,0.251135357928526
4,"ornamentals",2001,0.07873330111023
8,"ornamentals",2001,0.0610859247146123
10,"ornamentals",2001,0.0512874985125817
2,"ornamentals",2001,0.270268976412067
14,"ornamentals",2001,0.20302601154236
7,"ornamentals",2001,0.0727675604437523
11,"ornamentals",2001,0.071785209300095
5,"ornamentals",2001,0.0110602072641327
3,"ornamentals",2001,0.113328062066954
1,"ornamentals",2001,0.274125180472721
9,"ornamentals",2001,0.0380085361743367
6,"ornamentals",2001,0.199659776746095
13,"ornamentals",2001,0.0537283973115364
12,"ornamentals",2002,0.215258878224451
4,"ornamentals",2002,0.0674856866659114
8,"ornamentals",2002,0.0523593640410962
10,"ornamentals",2002,0.0439607130107843
2,"ornamentals",2002,0.231659122638915
14,"ornamentals",2002,0.174022295607737
7,"ornamentals",2002,0.0623721946660734
11,"ornamentals",2002,0.0615301794000814
5,"ornamentals",2002,0.00948017765497091
3,"ornamentals",2002,0.0971383389145319
1,"ornamentals",2002,0.234964440405189
9,"ornamentals",2002,0.0325787452922886
6,"ornamentals",2002,0.171136951496653
13,"ornamentals",2002,0.0460529119813169
12,"ornamentals",2003,0.0717529594081503
4,"ornamentals",2003,0.0224952288886371
8,"ornamentals",2003,0.0174531213470321
10,"ornamentals",2003,0.0146535710035948
2,"ornamentals",2003,0.0772197075463049
14,"ornamentals",2003,0.0580074318692458
7,"ornamentals",2003,0.0207907315553578
11,"ornamentals",2003,0.0205100598000271
5,"ornamentals",2003,0.00316005921832364
3,"ornamentals",2003,0.032379446304844
1,"ornamentals",2003,0.0783214801350631
9,"ornamentals",2003,0.0108595817640962
6,"ornamentals",2003,0.0570456504988843
13,"ornamentals",2003,0.015350970660439
12,"ornamentals",2004,0.0717529594081503
4,"ornamentals",2004,0.0224952288886371
8,"ornamentals",2004,0.0174531213470321
10,"ornamentals",2004,0.0146535710035948
2,"ornamentals",2004,0.0772197075463049
14,"ornamentals",2004,0.0580074318692458
7,"ornamentals",2004,0.0207907315553578
11,"ornamentals",2004,0.0205100598000271
5,"ornamentals",2004,0.00316005921832364
3,"ornamentals",2004,0.032379446304844
1,"ornamentals",2004,0.0783214801350631
9,"ornamentals",2004,0.0108595817640962
6,"ornamentals",2004,0.0570456504988843
13,"ornamentals",2004,0.015350970660439
12,"ornamentals",2005,0.0358764797040751
4,"ornamentals",2005,0.0112476144443186
8,"ornamentals",2005,0.00872656067351604
10,"ornamentals",2005,0.00732678550179739
2,"ornamentals",2005,0.0386098537731525
14,"ornamentals",2005,0.0290037159346229
7,"ornamentals",2005,0.0103953657776789
11,"ornamentals",2005,0.0102550299000136
5,"ornamentals",2005,0.00158002960916182
3,"ornamentals",2005,0.016189723152422
1,"ornamentals",2005,0.0391607400675315
9,"ornamentals",2005,0.0054297908820481
6,"ornamentals",2005,0.0285228252494421
13,"ornamentals",2005,0.00767548533021948
12,"ornamentals",2006,0.0358764797040751
4,"ornamentals",2006,0.0112476144443186
8,"ornamentals",2006,0.00872656067351604
10,"ornamentals",2006,0.00732678550179739
2,"ornamentals",2006,0.0386098537731525
14,"ornamentals",2006,0.0290037159346229
7,"ornamentals",2006,0.0103953657776789
11,"ornamentals",2006,0.0102550299000136
5,"ornamentals",2006,0.00158002960916182
3,"ornamentals",2006,0.016189723152422
1,"ornamentals",2006,0.0391607400675315
9,"ornamentals",2006,0.0054297908820481
6,"ornamentals",2006,0.0285228252494421
13,"ornamentals",2006,0.00767548533021948
12,"ornamentals",2007,0.0358764797040751
4,"ornamentals",2007,0.0112476144443186
8,"ornamentals",2007,0.00872656067351604
10,"ornamentals",2007,0.00732678550179739
2,"ornamentals",2007,0.0386098537731525
14,"ornamentals",2007,0.0290037159346229
7,"ornamentals",2007,0.0103953657776789
11,"ornamentals",2007,0.0102550299000136
5,"ornamentals",2007,0.00158002960916182
3,"ornamentals",2007,0.016189723152422
1,"ornamentals",2007,0.0391607400675315
9,"ornamentals",2007,0.0054297908820481
6,"ornamentals",2007,0.0285228252494421
13,"ornamentals",2007,0.00767548533021948
12,"ornamentals",2008,0
4,"ornamentals",2008,0
8,"ornamentals",2008,0
10,"ornamentals",2008,0
2,"ornamentals",2008,0
14,"ornamentals",2008,0
7,"ornamentals",2008,0
11,"ornamentals",2008,0
5,"ornamentals",2008,0
3,"ornamentals",2008,0
1,"ornamentals",2008,0
9,"ornamentals",2008,0
6,"ornamentals",2008,0
13,"ornamentals",2008,0
12,"ornamentals",2009,0
4,"ornamentals",2009,0
8,"ornamentals",2009,0
10,"ornamentals",2009,0
2,"ornamentals",2009,0
14,"ornamentals",2009,0
7,"ornamentals",2009,0
11,"ornamentals",2009,0
5,"ornamentals",2009,0
3,"ornamentals",2009,0
1,"ornamentals",2009,0
9,"ornamentals",2009,0
6,"ornamentals",2009,0
13,"ornamentals",2009,0
12,"ornamentals",2010,0
4,"ornamentals",2010,0
8,"ornamentals",2010,0
10,"ornamentals",2010,0
2,"ornamentals",2010,0
14,"ornamentals",2010,0
7,"ornamentals",2010,0
11,"ornamentals",2010,0
5,"ornamentals",2010,0
3,"ornamentals",2010,0
1,"ornamentals",2010,0
9,"ornamentals",2010,0
6,"ornamentals",2010,0
13,"ornamentals",2010,0
12,"ornamentals",2011,0
4,"ornamentals",2011,0
8,"ornamentals",2011,0
10,"ornamentals",2011,0
2,"ornamentals",2011,0
14,"ornamentals",2011,0
7,"ornamentals",2011,0
11,"ornamentals",2011,0
5,"ornamentals",2011,0
3,"ornamentals",2011,0
1,"ornamentals",2011,0
9,"ornamentals",2011,0
6,"ornamentals",2011,0
13,"ornamentals",2011,0
12,"seaweeds",1983,1.24371796307461
4,"seaweeds",1983,0.389917300736377
8,"seaweeds",1983,0.302520770015223
10,"seaweeds",1983,0.253995230728976
2,"seaweeds",1983,1.33847493080262
14,"seaweeds",1983,1.00546215240026
7,"seaweeds",1983,0.360372680292869
11,"seaweeds",1983,0.355507703200471
5,"seaweeds",1983,0.0547743597842764
3,"seaweeds",1983,0.561243735950629
1,"seaweeds",1983,1.35757232234109
9,"seaweeds",1983,0.188232750577668
6,"seaweeds",1983,0.988791275313994
13,"seaweeds",1983,0.266083491447609
12,"seaweeds",1984,1.21980030993855
4,"seaweeds",1984,0.382418891106831
8,"seaweeds",1984,0.296703062899545
10,"seaweeds",1984,0.249110707061111
2,"seaweeds",1984,1.31273502828718
14,"seaweeds",1984,0.986126341777178
7,"seaweeds",1984,0.353442436441083
11,"seaweeds",1984,0.348671016600461
5,"seaweeds",1984,0.0537210067115018
3,"seaweeds",1984,0.550450587182347
1,"seaweeds",1984,1.33146516229607
9,"seaweeds",1984,0.184612889989635
6,"seaweeds",1984,0.969776058481032
13,"seaweeds",1984,0.260966501227462
12,"seaweeds",1985,1.68619454609153
4,"seaweeds",1985,0.528637878882973
8,"seaweeds",1985,0.410148351655254
10,"seaweeds",1985,0.344358918584477
2,"seaweeds",1985,1.81466312733817
14,"seaweeds",1985,1.36317464892728
7,"seaweeds",1985,0.488582191550908
11,"seaweeds",1985,0.481986405300638
5,"seaweeds",1985,0.0742613916306055
3,"seaweeds",1985,0.760916988163833
1,"seaweeds",1985,1.84055478317398
9,"seaweeds",1985,0.255200171456261
6,"seaweeds",1985,1.34057278672378
13,"seaweeds",1985,0.360747810520316
12,"seaweeds",1986,2.33197118076488
4,"seaweeds",1986,0.731094938880707
8,"seaweeds",1986,0.567226443778542
10,"seaweeds",1986,0.47624105761683
2,"seaweeds",1986,2.50964049525491
14,"seaweeds",1986,1.88524153575049
7,"seaweeds",1986,0.675698775549128
11,"seaweeds",1986,0.666576943500882
5,"seaweeds",1986,0.102701924595518
3,"seaweeds",1986,1.05233200490743
1,"seaweeds",1986,2.54544810438955
9,"seaweeds",1986,0.352936407333126
6,"seaweeds",1986,1.85398364121374
13,"seaweeds",1986,0.498906546464267
12,"seaweeds",1987,2.79836541691786
4,"seaweeds",1987,0.877313926656848
8,"seaweeds",1987,0.680671732534251
10,"seaweeds",1987,0.571489269140196
2,"seaweeds",1987,3.01156859430589
14,"seaweeds",1987,2.26228984290058
7,"seaweeds",1987,0.810838530658954
11,"seaweeds",1987,0.799892332201058
5,"seaweeds",1987,0.123242309514622
3,"seaweeds",1987,1.26279840588891
1,"seaweeds",1987,3.05453772526746
9,"seaweeds",1987,0.423523688799752
6,"seaweeds",1987,2.22478036945649
13,"seaweeds",1987,0.59868785575712
12,"seaweeds",1988,2.51135357928526
4,"seaweeds",1988,0.7873330111023
8,"seaweeds",1988,0.610859247146123
10,"seaweeds",1988,0.512874985125817
2,"seaweeds",1988,2.70268976412067
14,"seaweeds",1988,2.0302601154236
7,"seaweeds",1988,0.727675604437523
11,"seaweeds",1988,0.71785209300095
5,"seaweeds",1988,0.110602072641327
3,"seaweeds",1988,1.13328062066954
1,"seaweeds",1988,2.74125180472721
9,"seaweeds",1988,0.380085361743367
6,"seaweeds",1988,1.99659776746095
13,"seaweeds",1988,0.537283973115364
12,"seaweeds",1989,1.61444158668338
4,"seaweeds",1989,0.506142649994336
8,"seaweeds",1989,0.392695230308222
10,"seaweeds",1989,0.329705347580882
2,"seaweeds",1989,1.73744341979186
14,"seaweeds",1989,1.30516721705803
7,"seaweeds",1989,0.46779145999555
11,"seaweeds",1989,0.461476345500611
5,"seaweeds",1989,0.0711013324122818
3,"seaweeds",1989,0.728537541858989
1,"seaweeds",1989,1.76223330303892
9,"seaweeds",1989,0.244340589692164
6,"seaweeds",1989,1.2835271362249
13,"seaweeds",1989,0.345396839859877
12,"seaweeds",1990,0.717529594081503
4,"seaweeds",1990,0.224952288886371
8,"seaweeds",1990,0.174531213470321
10,"seaweeds",1990,0.146535710035948
2,"seaweeds",1990,0.772197075463049
14,"seaweeds",1990,0.580074318692458
7,"seaweeds",1990,0.207907315553578
11,"seaweeds",1990,0.205100598000271
5,"seaweeds",1990,0.0316005921832364
3,"seaweeds",1990,0.32379446304844
1,"seaweeds",1990,0.783214801350631
9,"seaweeds",1990,0.108595817640962
6,"seaweeds",1990,0.570456504988843
13,"seaweeds",1990,0.15350970660439
12,"seaweeds",1991,0
4,"seaweeds",1991,0
8,"seaweeds",1991,0
10,"seaweeds",1991,0
2,"seaweeds",1991,0
14,"seaweeds",1991,0
7,"seaweeds",1991,0
11,"seaweeds",1991,0
5,"seaweeds",1991,0
3,"seaweeds",1991,0
1,"seaweeds",1991,0
9,"seaweeds",1991,0
6,"seaweeds",1991,0
13,"seaweeds",1991,0
12,"seaweeds",1992,0.287011837632601
4,"seaweeds",1992,0.0899809155545486
8,"seaweeds",1992,0.0698124853881283
10,"seaweeds",1992,0.0586142840143791
2,"seaweeds",1992,0.30887883018522
14,"seaweeds",1992,0.232029727476983
7,"seaweeds",1992,0.0831629262214312
11,"seaweeds",1992,0.0820402392001086
5,"seaweeds",1992,0.0126402368732945
3,"seaweeds",1992,0.129517785219376
1,"seaweeds",1992,0.313285920540252
9,"seaweeds",1992,0.0434383270563848
6,"seaweeds",1992,0.228182601995537
13,"seaweeds",1992,0.0614038826417559
12,"seaweeds",1993,2.54723005898934
4,"seaweeds",1993,0.798580625546618
8,"seaweeds",1993,0.619585807819639
10,"seaweeds",1993,0.520201770627614
2,"seaweeds",1993,2.74129961789383
14,"seaweeds",1993,2.05926383135822
7,"seaweeds",1993,0.738070970215202
11,"seaweeds",1993,0.728107122900963
5,"seaweeds",1993,0.112182102250489
3,"seaweeds",1993,1.14947034382196
1,"seaweeds",1993,2.78041254479474
9,"seaweeds",1993,0.385515152625415
6,"seaweeds",1993,2.02512059271039
13,"seaweeds",1993,0.544959458445583
12,"seaweeds",1994,6.88828410318243
4,"seaweeds",1994,2.15954197330917
8,"seaweeds",1994,1.67549964931508
10,"seaweeds",1994,1.4067428163451
2,"seaweeds",1994,7.41309192444527
14,"seaweeds",1994,5.56871345944759
7,"seaweeds",1994,1.99591022931435
11,"seaweeds",1994,1.96896574080261
5,"seaweeds",1994,0.303365684959069
3,"seaweeds",1994,3.10842684526502
1,"seaweeds",1994,7.51886209296605
9,"seaweeds",1994,1.04251984935324
6,"seaweeds",1994,5.47638244789289
13,"seaweeds",1994,1.47369318340214
12,"seaweeds",1995,13.38192692962
4,"seaweeds",1995,4.19536018773083
8,"seaweeds",1995,3.25500713122148
10,"seaweeds",1995,2.73289099217043
2,"seaweeds",1995,14.4014754573859
14,"seaweeds",1995,10.8183860436143
7,"seaweeds",1995,3.87747143507423
11,"seaweeds",1995,3.82512615270506
5,"seaweeds",1995,0.589351044217358
3,"seaweeds",1995,6.0387667358534
1,"seaweeds",1995,14.6069560451893
9,"seaweeds",1995,2.02531199900394
6,"seaweeds",1995,10.6390138180419
13,"seaweeds",1995,2.86295602817187
12,"seaweeds",1996,16.7901925015072
4,"seaweeds",1996,5.26388355994109
8,"seaweeds",1996,4.08403039520551
10,"seaweeds",1996,3.42893561484118
2,"seaweeds",1996,18.0694115658354
14,"seaweeds",1996,13.5737390574035
7,"seaweeds",1996,4.86503118395372
11,"seaweeds",1996,4.79935399320635
5,"seaweeds",1996,0.739453857087731
3,"seaweeds",1996,7.57679043533349
1,"seaweeds",1996,18.3272263516048
9,"seaweeds",1996,2.54114213279851
6,"seaweeds",1996,13.3486822167389
13,"seaweeds",1996,3.59212713454272
12,"seaweeds",1997,18.9427812837517
4,"seaweeds",1997,5.9387404266002
8,"seaweeds",1997,4.60762403561647
10,"seaweeds",1997,3.86854274494902
2,"seaweeds",1997,20.3860027922245
14,"seaweeds",1997,15.3139620134809
7,"seaweeds",1997,5.48875313061446
11,"seaweeds",1997,5.41465578720717
5,"seaweeds",1997,0.83425563363744
3,"seaweeds",1997,8.5481738244788
1,"seaweeds",1997,20.6768707556566
9,"seaweeds",1997,2.8669295857214
6,"seaweeds",1997,15.0600517317054
13,"seaweeds",1997,4.05265625435589
12,"seaweeds",1998,19.8755697560576
4,"seaweeds",1998,6.23117840215249
8,"seaweeds",1998,4.83451461312788
10,"seaweeds",1998,4.05903916799575
2,"seaweeds",1998,21.3898589903265
14,"seaweeds",1998,16.0680586277811
7,"seaweeds",1998,5.75903264083411
11,"seaweeds",1998,5.68128656460752
5,"seaweeds",1998,0.875336403475647
3,"seaweeds",1998,8.96910662644177
1,"seaweeds",1998,21.6950499974125
9,"seaweeds",1998,3.00810414865465
6,"seaweeds",1998,15.8016451881909
13,"seaweeds",1998,4.25221887294159
12,"seaweeds",1999,25.1852887522607
4,"seaweeds",1999,7.89582533991164
8,"seaweeds",1999,6.12604559280826
10,"seaweeds",1999,5.14340342226177
2,"seaweeds",1999,27.104117348753
14,"seaweeds",1999,20.3606085861053
7,"seaweeds",1999,7.29754677593059
11,"seaweeds",1999,7.19903098980953
5,"seaweeds",1999,1.1091807856316
3,"seaweeds",1999,11.3651856530002
1,"seaweeds",1999,27.4908395274071
9,"seaweeds",1999,3.81171319919777
6,"seaweeds",1999,20.0230233251084
13,"seaweeds",1999,5.38819070181408
12,"seaweeds",2000,23.391464767057
4,"seaweeds",2000,7.33344461769571
8,"seaweeds",2000,5.68971755913246
10,"seaweeds",2000,4.7770641471719
2,"seaweeds",2000,25.1736246600954
14,"seaweeds",2000,18.9104227893741
7,"seaweeds",2000,6.77777848704664
11,"seaweeds",2000,6.68627949480885
5,"seaweeds",2000,1.03017930517351
3,"seaweeds",2000,10.5556994953791
1,"seaweeds",2000,25.5328025240306
9,"seaweeds",2000,3.54022365509536
6,"seaweeds",2000,18.5968820626363
13,"seaweeds",2000,5.0044164353031
12,"seaweeds",2001,23.1044529294244
4,"seaweeds",2001,7.24346370214116
8,"seaweeds",2001,5.61990507374433
10,"seaweeds",2001,4.71844986315752
2,"seaweeds",2001,24.8647458299102
14,"seaweeds",2001,18.6783930618971
7,"seaweeds",2001,6.69461556082521
11,"seaweeds",2001,6.60423925560874
5,"seaweeds",2001,1.01753906830021
3,"seaweeds",2001,10.4261817101598
1,"seaweeds",2001,25.2195166034903
9,"seaweeds",2001,3.49678532803898
6,"seaweeds",2001,18.3686994606407
13,"seaweeds",2001,4.94301255266135
12,"seaweeds",2002,26.9073597780564
4,"seaweeds",2002,8.43571083323893
8,"seaweeds",2002,6.54492050513703
10,"seaweeds",2002,5.49508912634804
2,"seaweeds",2002,28.9573903298643
14,"seaweeds",2002,21.7527869509672
7,"seaweeds",2002,7.79652433325917
11,"seaweeds",2002,7.69127242501018
5,"seaweeds",2002,1.18502220687136
3,"seaweeds",2002,12.1422923643165
1,"seaweeds",2002,29.3705550506486
9,"seaweeds",2002,4.07234316153607
6,"seaweeds",2002,21.3921189370816
13,"seaweeds",2002,5.75661399766461
12,"seaweeds",2003,37.6344272095748
4,"seaweeds",2003,11.7987475520902
8,"seaweeds",2003,9.15416214651832
10,"seaweeds",2003,7.68579799138546
2,"seaweeds",2003,40.5017366080369
14,"seaweeds",2003,30.4248980154194
7,"seaweeds",2003,10.9047387007852
11,"seaweeds",2003,10.7575263651142
5,"seaweeds",2003,1.65745106001075
3,"seaweeds",2003,16.9830195868907
1,"seaweeds",2003,41.0796163308406
9,"seaweeds",2003,5.69585063526846
6,"seaweeds",2003,29.9204436866648
13,"seaweeds",2003,8.05158411140024
12,"seaweeds",2004,43.6616757998594
4,"seaweeds",2004,13.6883467787357
8,"seaweeds",2004,10.620224339669
10,"seaweeds",2004,8.91669795568742
2,"seaweeds",2004,46.9881920419266
14,"seaweeds",2004,35.297522292436
7,"seaweeds",2004,12.6511601514352
11,"seaweeds",2004,12.4803713883165
5,"seaweeds",2004,1.92289603434993
3,"seaweeds",2004,19.7028930764975
1,"seaweeds",2004,47.6586206621859
9,"seaweeds",2004,6.60805550345254
6,"seaweeds",2004,34.7122783285711
13,"seaweeds",2004,9.34106564687711
12,"seaweeds",2005,46.9264354529303
4,"seaweeds",2005,14.7118796931687
8,"seaweeds",2005,11.414341360959
10,"seaweeds",2005,9.58343543635098
2,"seaweeds",2005,50.5016887352834
14,"seaweeds",2005,37.9368604424867
7,"seaweeds",2005,13.597138437204
11,"seaweeds",2005,13.4135791092177
5,"seaweeds",2005,2.06667872878366
3,"seaweeds",2005,21.1761578833679
1,"seaweeds",2005,51.2222480083312
9,"seaweeds",2005,7.10216647371891
6,"seaweeds",2005,37.3078554262703
13,"seaweeds",2005,10.0395348119271
12,"seaweeds",2006,45.3119938662469
4,"seaweeds",2006,14.2057370431744
8,"seaweeds",2006,11.0216461306508
10,"seaweeds",2006,9.2537300887701
2,"seaweeds",2006,48.7642453154916
14,"seaweeds",2006,36.6316932254287
7,"seaweeds",2006,13.1293469772084
11,"seaweeds",2006,12.9521027637171
5,"seaweeds",2006,1.99557739637138
3,"seaweeds",2006,20.447620341509
1,"seaweeds",2006,49.4600147052923
9,"seaweeds",2006,6.85782588402675
6,"seaweeds",2006,36.0243282900454
13,"seaweeds",2006,9.69413797206721
12,"seaweeds",2007,32.5040906118921
4,"seaweeds",2007,10.1903386865526
8,"seaweeds",2007,7.90626397020553
10,"seaweeds",2007,6.63806766462843
2,"seaweeds",2007,34.9805275184761
14,"seaweeds",2007,26.2773666367683
7,"seaweeds",2007,9.41820139457708
11,"seaweeds",2007,9.29105708941229
5,"seaweeds",2007,1.43150682590061
3,"seaweeds",2007,14.6678891760943
1,"seaweeds",2007,35.4796305011836
9,"seaweeds",2007,4.91939053913558
6,"seaweeds",2007,25.8416796759946
13,"seaweeds",2007,6.95398970917885
12,"seaweeds",2008,38.1725744051359
4,"seaweeds",2008,11.967461768755
8,"seaweeds",2008,9.28506055662106
10,"seaweeds",2008,7.79569977391242
2,"seaweeds",2008,41.0808844146342
14,"seaweeds",2008,30.8599537544387
7,"seaweeds",2008,11.0606691874503
11,"seaweeds",2008,10.9113518136144
5,"seaweeds",2008,1.68115150414817
3,"seaweeds",2008,17.225865434177
1,"seaweeds",2008,41.6670274318535
9,"seaweeds",2008,5.77729749849918
6,"seaweeds",2008,30.3482860654064
13,"seaweeds",2008,8.16671639135353
12,"seaweeds",2009,48.1462357628688
4,"seaweeds",2009,15.0942985842755
8,"seaweeds",2009,11.7110444238585
10,"seaweeds",2009,9.83254614341209
2,"seaweeds",2009,51.8144237635706
14,"seaweeds",2009,38.9229867842639
7,"seaweeds",2009,13.9505808736451
11,"seaweeds",2009,13.7622501258182
5,"seaweeds",2009,2.12039973549516
3,"seaweeds",2009,21.7266084705503
1,"seaweeds",2009,52.5537131706273
9,"seaweeds",2009,7.28677936370855
6,"seaweeds",2009,38.2776314847513
13,"seaweeds",2009,10.3005013131545
12,"seaweeds",2010,54.2452373125616
4,"seaweeds",2010,17.0063930398097
8,"seaweeds",2010,13.1945597383562
10,"seaweeds",2010,11.0780996787176
2,"seaweeds",2010,58.3780989050065
14,"seaweeds",2010,43.8536184931498
7,"seaweeds",2010,15.7177930558505
11,"seaweeds",2010,15.5056052088205
5,"seaweeds",2010,2.38900476905267
3,"seaweeds",2010,24.478861406462
1,"seaweeds",2010,59.2110389821077
9,"seaweeds",2010,8.20984381365673
6,"seaweeds",2010,43.1265117771565
13,"seaweeds",2010,11.6053338192919
12,"seaweeds",2011,61.9228039692337
4,"seaweeds",2011,19.4133825308939
8,"seaweeds",2011,15.0620437224887
10,"seaweeds",2011,12.6460317761023
2,"seaweeds",2011,66.6406076124612
14,"seaweeds",2011,50.0604137031591
7,"seaweeds",2011,17.9424013322738
11,"seaweeds",2011,17.7001816074234
5,"seaweeds",2011,2.7271311054133
3,"seaweeds",2011,27.9434621610803
1,"seaweeds",2011,67.5914373565594
9,"seaweeds",2011,9.37181906241502
6,"seaweeds",2011,49.2303963805371
13,"seaweeds",2011,13.2478876799588
12,"shells",1976,5312.20643212927
4,"shells",1976,1665.42677236062
8,"shells",1976,1292.1360212204
10,"shells",1976,1084.87224472747
2,"shells",1976,5716.93530828817
14,"shells",1976,4294.56088262898
7,"shells",1976,1539.23488045706
11,"shells",1976,1518.45544060841
5,"shells",1976,233.953930875517
3,"shells",1976,2397.20151403035
1,"shells",1976,5798.50467463934
9,"shells",1976,803.985516044273
6,"shells",1976,4223.35571946806
13,"shells",1976,1136.50399585538
12,"shells",1977,5195.1295200283
4,"shells",1977,1628.72205722399
8,"shells",1977,1263.65834488916
10,"shells",1977,1060.96250137327
2,"shells",1977,5590.93848547512
14,"shells",1977,4199.912089629
7,"shells",1977,1505.31133680257
11,"shells",1977,1484.98985970137
5,"shells",1977,228.797767584286
3,"shells",1977,2344.36905080962
1,"shells",1977,5670.71012621897
9,"shells",1977,786.266298465857
6,"shells",1977,4130.27623307072
13,"shells",1977,1111.45632872776
12,"shells",1978,5033.14721416441
4,"shells",1978,1577.9390780079
8,"shells",1978,1224.25792344824
10,"shells",1978,1027.88206483266
2,"shells",1978,5416.61499568933
14,"shells",1978,4068.96031218418
7,"shells",1978,1458.37626031635
11,"shells",1978,1438.6883997028
5,"shells",1978,221.663933898921
3,"shells",1978,2271.27245077643
1,"shells",1978,5493.89938481407
9,"shells",1978,761.75079263341
6,"shells",1978,4001.49567706949
13,"shells",1978,1076.80151246182
12,"shells",1979,4889.28253055106
4,"shells",1979,1532.83614408618
8,"shells",1979,1189.26441514744
10,"shells",1979,998.50165497045
2,"shells",1979,5261.78948205899
14,"shells",1979,3952.65541128634
7,"shells",1979,1416.69084354786
11,"shells",1979,1397.56572980375
5,"shells",1979,215.328015166182
3,"shells",1979,2206.35166093522
1,"shells",1979,5336.86481714326
9,"shells",1979,739.977331196397
6,"shells",1979,3887.11914781922
13,"shells",1979,1046.02281628764
12,"shells",1980,4724.28660039202
4,"shells",1980,1481.10836525676
8,"shells",1980,1149.13096260994
10,"shells",1980,964.805768447683
2,"shells",1980,5084.22276455626
14,"shells",1980,3819.26732170301
7,"shells",1980,1368.88255633631
11,"shells",1980,1350.40284729359
5,"shells",1980,208.061458993647
3,"shells",1980,2131.89512415723
1,"shells",1980,5156.76457357269
9,"shells",1980,715.005722929858
6,"shells",1980,3755.94267449704
13,"shells",1980,1010.72325925396
12,"shells",1981,4580.35016381927
4,"shells",1981,1435.98293610615
8,"shells",1981,1114.12000118779
10,"shells",1981,935.410705014472
2,"shells",1981,4929.32003121838
14,"shells",1981,3702.9044133733
7,"shells",1981,1327.17634883627
11,"shells",1981,1309.25966733473
5,"shells",1981,201.722380201689
3,"shells",1981,2066.94195486971
1,"shells",1981,4999.65168442175
9,"shells",1981,693.221401911081
6,"shells",1981,3641.50909959628
13,"shells",1981,979.929212109122
12,"shells",1982,4507.84379833734
4,"shells",1982,1413.25150731418
8,"shells",1982,1096.48362206662
10,"shells",1982,920.60327151534
2,"shells",1982,4851.28951674283
14,"shells",1982,3644.28790346943
7,"shells",1982,1306.16731459958
11,"shells",1982,1288.5342519068
5,"shells",1982,198.529140361573
3,"shells",1982,2034.22252437867
1,"shells",1982,4920.50782874527
9,"shells",1982,682.247794538462
6,"shells",1982,3583.86446976715
13,"shells",1982,964.417056256748
12,"shells",1983,4491.26886471405
4,"shells",1983,1408.05510944091
8,"shells",1983,1092.45195103545
10,"shells",1983,917.218296613509
2,"shells",1983,4833.45176429964
14,"shells",1983,3630.88818670763
7,"shells",1983,1301.36465561029
11,"shells",1983,1283.796428093
5,"shells",1983,197.799166682141
3,"shells",1983,2026.74287228225
1,"shells",1983,4902.41556683407
9,"shells",1983,679.739231150955
6,"shells",1983,3570.68692450191
13,"shells",1983,960.870982034187
12,"shells",1984,4569.76660230657
4,"shells",1984,1432.66488984508
8,"shells",1984,1111.54566578911
10,"shells",1984,933.249303291442
2,"shells",1984,4917.9301243553
14,"shells",1984,3694.34831717259
7,"shells",1984,1324.10971593185
11,"shells",1984,1306.23443351423
5,"shells",1984,201.256271466987
3,"shells",1984,2062.16598653975
1,"shells",1984,4988.09926610183
9,"shells",1984,691.619613600877
6,"shells",1984,3633.09486614769
13,"shells",1984,977.664943936707
12,"shells",1985,4867.75664272862
4,"shells",1985,1526.08757541959
8,"shells",1985,1184.02847874333
10,"shells",1985,994.105583669371
2,"shells",1985,5238.6235697951
14,"shells",1985,3935.25318172557
7,"shells",1985,1410.45362408125
11,"shells",1985,1391.41271186374
5,"shells",1985,214.379997400685
3,"shells",1985,2196.63782704377
1,"shells",1985,5313.36837310274
9,"shells",1985,736.719456667168
6,"shells",1985,3870.00545266956
13,"shells",1985,1041.41752508951
12,"shells",1986,5102.81933774972
4,"shells",1986,1599.78194525876
8,"shells",1986,1241.20490427621
10,"shells",1986,1042.11068227715
2,"shells",1986,5491.59533171679
14,"shells",1986,4125.28552852922
7,"shells",1986,1478.5640606566
11,"shells",1986,1458.60366776863
5,"shells",1986,224.732351399913
3,"shells",1986,2302.71289313843
1,"shells",1986,5569.94954202521
9,"shells",1986,772.295446526347
6,"shells",1986,4056.8870037039
13,"shells",1986,1091.70730497311
12,"shells",1987,5285.68175480139
4,"shells",1987,1657.11103608145
8,"shells",1987,1285.68418402912
10,"shells",1987,1079.45530797981
2,"shells",1987,5688.38975639855
14,"shells",1987,4273.11746864799
7,"shells",1987,1531.54924002543
11,"shells",1987,1510.873555169
5,"shells",1987,232.785762317811
3,"shells",1987,2385.23191204633
1,"shells",1987,5769.55183414942
9,"shells",1987,799.971090652146
6,"shells",1987,4202.26784400031
13,"shells",1987,1130.82925370124
12,"shells",1988,4023.43956937291
4,"shells",1988,1261.38621708699
8,"shells",1988,978.657599852803
10,"shells",1988,821.677013670071
2,"shells",1988,4329.97927109773
14,"shells",1988,3252.67973092015
7,"shells",1988,1165.80908586936
11,"shells",1988,1150.07083819682
5,"shells",1988,177.19558057867
3,"shells",1988,1815.62888237467
1,"shells",1988,4391.75951635346
9,"shells",1988,608.934758049048
6,"shells",1988,3198.74928324919
13,"shells",1988,860.782653328125
12,"shells",1989,2658.41126959226
4,"shells",1989,833.436982709562
8,"shells",1989,646.629419346865
10,"shells",1989,542.907478897685
2,"shells",1989,2860.95155473682
14,"shells",1989,2149.14634703962
7,"shells",1989,770.286208760229
11,"shells",1989,759.887460561106
5,"shells",1989,117.078614009282
3,"shells",1989,1199.64229587132
1,"shells",1989,2901.77167826402
9,"shells",1989,402.342074568882
6,"shells",1989,2113.51282815841
13,"shells",1989,568.745787483934
12,"shells",1990,1380.4551860534
4,"shells",1990,432.78570858849
8,"shells",1990,335.78060159555
10,"shells",1990,281.92005253816
2,"shells",1990,1485.62995348336
14,"shells",1990,1116.00498173242
7,"shells",1990,399.992884393529
11,"shells",1990,394.593040492722
5,"shells",1990,60.7963793013285
3,"shells",1990,622.948167458893
1,"shells",1990,1506.82695631848
9,"shells",1990,208.927493559447
6,"shells",1990,1097.50126994803
13,"shells",1990,295.337324536185
12,"shells",1991,0
4,"shells",1991,0
8,"shells",1991,0
10,"shells",1991,0
2,"shells",1991,0
14,"shells",1991,0
7,"shells",1991,0
11,"shells",1991,0
5,"shells",1991,0
3,"shells",1991,0
1,"shells",1991,0
9,"shells",1991,0
6,"shells",1991,0
13,"shells",1991,0
12,"shells",1992,1123.90247968956
4,"shells",1992,352.354017697168
8,"shells",1992,273.376966219237
10,"shells",1992,229.526209414807
2,"shells",1992,1209.53088915155
14,"shells",1992,908.599409083931
7,"shells",1992,325.655623717347
11,"shells",1992,321.259321677725
5,"shells",1992,49.4975875662123
3,"shells",1992,507.175457195923
1,"shells",1992,1226.78850409556
9,"shells",1992,170.099058961921
6,"shells",1992,893.534546589274
13,"shells",1992,240.449928939786
12,"shells",1993,1973.06287780532
4,"shells",1993,618.573803979744
8,"shells",1993,479.925930800688
10,"shells",1993,402.943895456849
2,"shells",1993,2123.38751810829
14,"shells",1993,1595.08836154052
7,"shells",1993,571.703536309229
11,"shells",1993,563.985624381146
5,"shells",1993,86.8953083854634
3,"shells",1993,890.370014490599
1,"shells",1993,2153.68406075396
9,"shells",1993,298.616779349117
6,"shells",1993,1568.64129741832
13,"shells",1993,422.120991220751
12,"shells",1994,3063.88724320772
4,"shells",1994,960.55752115925
8,"shells",1994,745.257008078943
10,"shells",1994,625.714808638999
2,"shells",1994,3297.32012208099
14,"shells",1994,2476.94634453273
7,"shells",1994,887.774632779556
11,"shells",1994,875.789808491059
5,"shells",1994,134.936108652028
3,"shells",1994,1382.61854693999
1,"shells",1994,3344.36636250726
9,"shells",1994,463.70957111779
6,"shells",1994,2435.87779912761
13,"shells",1994,655.494122686074
12,"shells",1995,4556.8510696131
4,"shells",1995,1428.61574864512
8,"shells",1995,1108.40410394664
10,"shells",1995,930.611660510795
2,"shells",1995,4904.03057699696
14,"shells",1995,3683.90697943613
7,"shells",1995,1320.36738425189
11,"shells",1995,1302.54262275022
5,"shells",1995,200.687460807688
3,"shells",1995,2056.33768620488
1,"shells",1995,4974.00139967752
9,"shells",1995,689.664888883339
6,"shells",1995,3622.82664905789
13,"shells",1995,974.901769217828
12,"shells",1996,4181.58309190848
4,"shells",1996,1310.96570155755
8,"shells",1996,1017.12427930166
10,"shells",1996,853.973484161994
2,"shells",1996,4500.17150652979
14,"shells",1996,3380.52811075997
7,"shells",1996,1211.63185821736
11,"shells",1996,1195.27500999608
5,"shells",1996,184.160351095856
3,"shells",1996,1886.99318203054
1,"shells",1996,4564.38005857114
9,"shells",1996,632.869276257116
6,"shells",1996,3324.47789694873
13,"shells",1996,894.616192663732
12,"shells",1997,3503.0153547856
4,"shells",1997,1098.22832195771
8,"shells",1997,852.070110722779
10,"shells",1997,715.394663180999
2,"shells",1997,3769.90473226438
14,"shells",1997,2831.95182757251
7,"shells",1997,1015.01390989835
11,"shells",1997,1001.31137446722
5,"shells",1997,154.275671068169
3,"shells",1997,1580.78075832563
1,"shells",1997,3823.69382093385
9,"shells",1997,530.170211514058
6,"shells",1997,2784.99718018078
13,"shells",1997,749.442063127961
12,"shells",1998,2762.81182553112
4,"shells",1998,866.167540742529
8,"shells",1998,672.023710906797
10,"shells",1998,564.228424707915
2,"shells",1998,2973.3062292167
14,"shells",1998,2233.54716040937
7,"shells",1998,800.536723173274
11,"shells",1998,789.729597570145
5,"shells",1998,121.676500171942
3,"shells",1998,1246.75439024486
1,"shells",1998,3015.72943186054
9,"shells",1998,418.142766035642
6,"shells",1998,2196.51424963429
13,"shells",1998,591.081449794872
12,"shells",1999,2009.29812230643
4,"shells",1999,629.933894568506
8,"shells",1999,488.739757080939
10,"shells",1999,410.343948813664
2,"shells",1999,2162.38347041918
14,"shells",1999,1624.38211463449
7,"shells",1999,582.202855744684
11,"shells",1999,574.34320458016
5,"shells",1999,88.4911382907168
3,"shells",1999,906.721634874545
1,"shells",1999,2193.23640822217
9,"shells",1999,304.100868139986
6,"shells",1999,1597.44935092026
13,"shells",1999,429.873231404272
12,"shells",2000,2177.09241788239
4,"shells",2000,682.538987324584
8,"shells",2000,529.553881350974
10,"shells",2000,444.611324605571
2,"shells",2000,2342.96175651621
14,"shells",2000,1760.03249406072
7,"shells",2000,630.821981486889
11,"shells",2000,622.305979422523
5,"shells",2000,95.8809367727666
3,"shells",2000,982.440970058423
1,"shells",2000,2376.39118951802
9,"shells",2000,329.496000095325
6,"shells",2000,1730.8506046119
13,"shells",2000,465.771476293709
12,"shells",2001,2851.89312463634
4,"shells",2001,894.095367407772
8,"shells",2001,693.691761059137
10,"shells",2001,582.420833108878
2,"shells",2001,3069.17449613544
14,"shells",2001,2305.56338707504
7,"shells",2001,826.348416399251
11,"shells",2001,815.192836811879
5,"shells",2001,125.599713691491
3,"shells",2001,1286.95347283233
1,"shells",2001,3112.96554944822
9,"shells",2001,431.624936795767
6,"shells",2001,2267.33642472865
13,"shells",2001,610.139679869807
12,"shells",2002,2665.29955369545
4,"shells",2002,835.596524682871
8,"shells",2002,648.30491899618
10,"shells",2002,544.31422171403
2,"shells",2002,2868.36464666127
14,"shells",2002,2154.71506049907
7,"shells",2002,772.282118989543
11,"shells",2002,761.856426301908
5,"shells",2002,117.381979694241
3,"shells",2002,1202.75072271658
1,"shells",2002,2909.29054035698
9,"shells",2002,403.384594418235
6,"shells",2002,2118.98921060631
13,"shells",2002,570.219480667336
12,"shells",2003,2029.89122165657
4,"shells",2003,636.390025259545
8,"shells",2003,493.748802907537
10,"shells",2003,414.549523691696
2,"shells",2003,2184.54552648497
14,"shells",2003,1641.03024758096
7,"shells",2003,588.169795701072
11,"shells",2003,580.229591742768
5,"shells",2003,89.3980752863757
3,"shells",2003,916.014535964036
1,"shells",2003,2215.71467302093
9,"shells",2003,307.217568106281
6,"shells",2003,1613.82145261344
13,"shells",2003,434.278959983818
12,"shells",2004,1161.07051266298
4,"shells",2004,364.006546261482
8,"shells",2004,282.417683077
10,"shells",2004,237.116759194669
2,"shells",2004,1249.53069766053
14,"shells",2004,938.6472587922
7,"shells",2004,336.425222663022
11,"shells",2004,331.883532654139
5,"shells",2004,51.1344982413039
3,"shells",2004,523.948010381832
1,"shells",2004,1267.35903080552
9,"shells",2004,175.724322315723
6,"shells",2004,923.084193547696
13,"shells",2004,248.401731741893
12,"shells",2005,355.464160907977
4,"shells",2005,111.441363914308
8,"shells",2005,86.4627631531969
10,"shells",2005,72.5937907518085
2,"shells",2005,382.546431184395
14,"shells",2005,287.368817480244
7,"shells",2005,102.997284125243
11,"shells",2005,101.606836249334
5,"shells",2005,15.6549333675753
3,"shells",2005,160.407776994197
1,"shells",2005,388.004612589102
9,"shells",2005,53.7983680593326
6,"shells",2005,282.604152571473
13,"shells",2005,76.0487086518146
12,"shells",2006,257.377865397035
4,"shells",2006,80.6903860235414
8,"shells",2006,62.6043462718041
10,"shells",2006,52.5623591898945
2,"shells",2006,276.987090968596
14,"shells",2006,208.072658114985
7,"shells",2006,74.5763540890684
11,"shells",2006,73.5695845026974
5,"shells",2006,11.3351324161269
3,"shells",2006,116.145073895475
1,"shells",2006,280.939149244471
9,"shells",2006,38.9533197878131
6,"shells",2006,204.622748339498
13,"shells",2006,55.0639317589946
12,"shells",2007,211.240712497594
4,"shells",2007,66.2259538481477
8,"shells",2007,51.3819892456624
10,"shells",2007,43.140113034583
2,"shells",2007,227.334819016322
14,"shells",2007,170.77387942306
7,"shells",2007,61.2079136989734
11,"shells",2007,60.3816160512799
5,"shells",2007,9.30321433874479
3,"shells",2007,95.3250899214606
1,"shells",2007,230.578437517626
9,"shells",2007,31.9706087134992
6,"shells",2007,167.942395068715
13,"shells",2007,45.1932576243323
12,"shells",2008,222.900568401419
4,"shells",2008,69.8814285425513
8,"shells",2008,54.2181214645551
10,"shells",2008,45.5213183226672
2,"shells",2008,239.883021492596
14,"shells",2008,180.200087101812
7,"shells",2008,64.586407576719
11,"shells",2008,63.7145007687843
5,"shells",2008,9.81672396172238
3,"shells",2008,100.586749945998
1,"shells",2008,243.305678039573
9,"shells",2008,33.7352907501648
6,"shells",2008,177.212313274784
13,"shells",2008,47.6877903566537
12,"shells",2009,243.42191479215
4,"shells",2009,76.3150640047015
8,"shells",2009,59.2097141698063
10,"shells",2009,49.7122396296953
2,"shells",2009,261.967857850839
14,"shells",2009,196.790212616416
7,"shells",2009,70.5325568015513
11,"shells",2009,69.5803778715921
5,"shells",2009,10.7205008981629
3,"shells",2009,109.847271589183
1,"shells",2009,265.705621358201
9,"shells",2009,36.8411311346964
6,"shells",2009,193.527369317465
13,"shells",2009,52.0781679655392
12,"shells",2010,236.64126012808
4,"shells",2010,74.1892648747253
8,"shells",2010,57.5603942025118
10,"shells",2010,48.3274771698556
2,"shells",2010,254.670595487714
14,"shells",2010,191.308510304773
7,"shells",2010,68.56783266957
11,"shells",2010,67.6421772204895
5,"shells",2010,10.4218753020314
3,"shells",2010,106.787413913375
1,"shells",2010,258.304241485438
9,"shells",2010,35.8149006579893
6,"shells",2010,188.13655534532
13,"shells",2010,50.6275012381277
12,"shells",2011,239.152613707365
4,"shells",2011,74.9765978858276
8,"shells",2011,58.1712534496579
10,"shells",2011,48.8403521549814
2,"shells",2011,257.373285251834
14,"shells",2011,193.338770420196
7,"shells",2011,69.2955082740075
11,"shells",2011,68.3600293134905
5,"shells",2011,10.5324773746727
3,"shells",2011,107.920694534045
1,"shells",2011,261.045493290165
9,"shells",2011,36.1949860197326
6,"shells",2011,190.133153112781
13,"shells",2011,51.1647852112431
12,"sponges",1988,0.0478353062721001
4,"sponges",1988,0.0149968192590914
8,"sponges",1988,0.0116354142313547
10,"sponges",1988,0.00976904733572984
2,"sponges",1988,0.0514798050308699
14,"sponges",1988,0.0386716212461638
7,"sponges",1988,0.0138604877035719
11,"sponges",1988,0.0136733732000181
5,"sponges",1988,0.00210670614554909
3,"sponges",1988,0.0215862975365626
1,"sponges",1988,0.052214320090042
9,"sponges",1988,0.00723972117606412
6,"sponges",1988,0.0380304336659228
13,"sponges",1988,0.0102339804402926
12,"sponges",1989,0.0358764797040751
4,"sponges",1989,0.0112476144443186
8,"sponges",1989,0.00872656067351604
10,"sponges",1989,0.00732678550179739
2,"sponges",1989,0.0386098537731525
14,"sponges",1989,0.0290037159346229
7,"sponges",1989,0.0103953657776789
11,"sponges",1989,0.0102550299000136
5,"sponges",1989,0.00158002960916182
3,"sponges",1989,0.016189723152422
1,"sponges",1989,0.0391607400675315
9,"sponges",1989,0.0054297908820481
6,"sponges",1989,0.0285228252494421
13,"sponges",1989,0.00767548533021948
12,"sponges",1990,0
4,"sponges",1990,0
8,"sponges",1990,0
10,"sponges",1990,0
2,"sponges",1990,0
14,"sponges",1990,0
7,"sponges",1990,0
11,"sponges",1990,0
5,"sponges",1990,0
3,"sponges",1990,0
1,"sponges",1990,0
9,"sponges",1990,0
6,"sponges",1990,0
13,"sponges",1990,0
12,"sponges",1991,0
4,"sponges",1991,0
8,"sponges",1991,0
10,"sponges",1991,0
2,"sponges",1991,0
14,"sponges",1991,0
7,"sponges",1991,0
11,"sponges",1991,0
5,"sponges",1991,0
3,"sponges",1991,0
1,"sponges",1991,0
9,"sponges",1991,0
6,"sponges",1991,0
13,"sponges",1991,0
12,"sponges",1992,0.0717529594081503
4,"sponges",1992,0.0224952288886371
8,"sponges",1992,0.0174531213470321
10,"sponges",1992,0.0146535710035948
2,"sponges",1992,0.0772197075463049
14,"sponges",1992,0.0580074318692458
7,"sponges",1992,0.0207907315553578
11,"sponges",1992,0.0205100598000271
5,"sponges",1992,0.00316005921832364
3,"sponges",1992,0.032379446304844
1,"sponges",1992,0.0783214801350631
9,"sponges",1992,0.0108595817640962
6,"sponges",1992,0.0570456504988843
13,"sponges",1992,0.015350970660439
12,"sponges",1993,1.97320638372413
4,"sponges",1993,0.618618794437521
8,"sponges",1993,0.479960837043382
10,"sponges",1993,0.402973202598856
2,"sponges",1993,2.12354195752339
14,"sponges",1993,1.59520437640426
7,"sponges",1993,0.571745117772339
11,"sponges",1993,0.564026644500746
5,"sponges",1993,0.0869016285039
3,"sponges",1993,0.890434773383209
1,"sponges",1993,2.15384070371423
9,"sponges",1993,0.298638498512645
6,"sponges",1993,1.56875538871932
13,"sponges",1993,0.422151693162072
12,"sponges",1994,1.97320638372413
4,"sponges",1994,0.618618794437521
8,"sponges",1994,0.479960837043382
10,"sponges",1994,0.402973202598856
2,"sponges",1994,2.12354195752339
14,"sponges",1994,1.59520437640426
7,"sponges",1994,0.571745117772339
11,"sponges",1994,0.564026644500746
5,"sponges",1994,0.0869016285039
3,"sponges",1994,0.890434773383209
1,"sponges",1994,2.15384070371423
9,"sponges",1994,0.298638498512645
6,"sponges",1994,1.56875538871932
13,"sponges",1994,0.422151693162072
12,"sponges",1995,1.97320638372413
4,"sponges",1995,0.618618794437521
8,"sponges",1995,0.479960837043382
10,"sponges",1995,0.402973202598856
2,"sponges",1995,2.12354195752339
14,"sponges",1995,1.59520437640426
7,"sponges",1995,0.571745117772339
11,"sponges",1995,0.564026644500746
5,"sponges",1995,0.0869016285039
3,"sponges",1995,0.890434773383209
1,"sponges",1995,2.15384070371423
9,"sponges",1995,0.298638498512645
6,"sponges",1995,1.56875538871932
13,"sponges",1995,0.422151693162072
12,"sponges",1996,1.90145342431598
4,"sponges",1996,0.596123565548884
8,"sponges",1996,0.46250771569635
10,"sponges",1996,0.388319631595261
2,"sponges",1996,2.04632224997708
14,"sponges",1996,1.53719694453501
7,"sponges",1996,0.550954386216982
11,"sponges",1996,0.543516584700719
5,"sponges",1996,0.0837415692855764
3,"sponges",1996,0.858055327078365
1,"sponges",1996,2.07551922357917
9,"sponges",1996,0.287778916748549
6,"sponges",1996,1.51170973822043
13,"sponges",1996,0.406800722501633
12,"sponges",1997,0
4,"sponges",1997,0
8,"sponges",1997,0
10,"sponges",1997,0
2,"sponges",1997,0
14,"sponges",1997,0
7,"sponges",1997,0
11,"sponges",1997,0
5,"sponges",1997,0
3,"sponges",1997,0
1,"sponges",1997,0
9,"sponges",1997,0
6,"sponges",1997,0
13,"sponges",1997,0
12,"sponges",1998,0
4,"sponges",1998,0
8,"sponges",1998,0
10,"sponges",1998,0
2,"sponges",1998,0
14,"sponges",1998,0
7,"sponges",1998,0
11,"sponges",1998,0
5,"sponges",1998,0
3,"sponges",1998,0
1,"sponges",1998,0
9,"sponges",1998,0
6,"sponges",1998,0
13,"sponges",1998,0
12,"sponges",1999,0
4,"sponges",1999,0
8,"sponges",1999,0
10,"sponges",1999,0
2,"sponges",1999,0
14,"sponges",1999,0
7,"sponges",1999,0
11,"sponges",1999,0
5,"sponges",1999,0
3,"sponges",1999,0
1,"sponges",1999,0
9,"sponges",1999,0
6,"sponges",1999,0
13,"sponges",1999,0
12,"sponges",2000,0
4,"sponges",2000,0
8,"sponges",2000,0
10,"sponges",2000,0
2,"sponges",2000,0
14,"sponges",2000,0
7,"sponges",2000,0
11,"sponges",2000,0
5,"sponges",2000,0
3,"sponges",2000,0
1,"sponges",2000,0
9,"sponges",2000,0
6,"sponges",2000,0
13,"sponges",2000,0
12,"sponges",2001,0
4,"sponges",2001,0
8,"sponges",2001,0
10,"sponges",2001,0
2,"sponges",2001,0
14,"sponges",2001,0
7,"sponges",2001,0
11,"sponges",2001,0
5,"sponges",2001,0
3,"sponges",2001,0
1,"sponges",2001,0
9,"sponges",2001,0
6,"sponges",2001,0
13,"sponges",2001,0
12,"sponges",2002,0
4,"sponges",2002,0
8,"sponges",2002,0
10,"sponges",2002,0
2,"sponges",2002,0
14,"sponges",2002,0
7,"sponges",2002,0
11,"sponges",2002,0
5,"sponges",2002,0
3,"sponges",2002,0
1,"sponges",2002,0
9,"sponges",2002,0
6,"sponges",2002,0
13,"sponges",2002,0
12,"sponges",2003,0
4,"sponges",2003,0
8,"sponges",2003,0
10,"sponges",2003,0
2,"sponges",2003,0
14,"sponges",2003,0
7,"sponges",2003,0
11,"sponges",2003,0
5,"sponges",2003,0
3,"sponges",2003,0
1,"sponges",2003,0
9,"sponges",2003,0
6,"sponges",2003,0
13,"sponges",2003,0
12,"sponges",2004,0
4,"sponges",2004,0
8,"sponges",2004,0
10,"sponges",2004,0
2,"sponges",2004,0
14,"sponges",2004,0
7,"sponges",2004,0
11,"sponges",2004,0
5,"sponges",2004,0
3,"sponges",2004,0
1,"sponges",2004,0
9,"sponges",2004,0
6,"sponges",2004,0
13,"sponges",2004,0
12,"sponges",2005,0.358764797040751
4,"sponges",2005,0.112476144443186
8,"sponges",2005,0.0872656067351604
10,"sponges",2005,0.0732678550179739
2,"sponges",2005,0.386098537731525
14,"sponges",2005,0.290037159346229
7,"sponges",2005,0.103953657776789
11,"sponges",2005,0.102550299000136
5,"sponges",2005,0.0158002960916182
3,"sponges",2005,0.16189723152422
1,"sponges",2005,0.391607400675315
9,"sponges",2005,0.054297908820481
6,"sponges",2005,0.285228252494421
13,"sponges",2005,0.0767548533021949
12,"sponges",2006,1.25567678964263
4,"sponges",2006,0.39366650555115
8,"sponges",2006,0.305429623573061
10,"sponges",2006,0.256437492562909
2,"sponges",2006,1.35134488206034
14,"sponges",2006,1.0151300577118
7,"sponges",2006,0.363837802218761
11,"sponges",2006,0.358926046500475
5,"sponges",2006,0.0553010363206636
3,"sponges",2006,0.566640310334769
1,"sponges",2006,1.3706259023636
9,"sponges",2006,0.190042680871683
6,"sponges",2006,0.998298883730474
13,"sponges",2006,0.268641986557682
12,"sponges",2007,1.39918270845893
4,"sponges",2007,0.438656963328424
8,"sponges",2007,0.340335866267125
10,"sponges",2007,0.285744634570098
2,"sponges",2007,1.50578429715295
14,"sponges",2007,1.13114492145029
7,"sponges",2007,0.405419265329477
11,"sponges",2007,0.399946166100529
5,"sponges",2007,0.0616211547573109
3,"sponges",2007,0.631399202944457
1,"sponges",2007,1.52726886263373
9,"sponges",2007,0.211761844399876
6,"sponges",2007,1.11239018472824
13,"sponges",2007,0.29934392787856
12,"sponges",2008,1.39918270845893
4,"sponges",2008,0.438656963328424
8,"sponges",2008,0.340335866267125
10,"sponges",2008,0.285744634570098
2,"sponges",2008,1.50578429715295
14,"sponges",2008,1.13114492145029
7,"sponges",2008,0.405419265329477
11,"sponges",2008,0.399946166100529
5,"sponges",2008,0.0616211547573109
3,"sponges",2008,0.631399202944457
1,"sponges",2008,1.52726886263373
9,"sponges",2008,0.211761844399876
6,"sponges",2008,1.11239018472824
13,"sponges",2008,0.29934392787856
12,"sponges",2009,1.79382398520376
4,"sponges",2009,0.562380722215928
8,"sponges",2009,0.436328033675802
10,"sponges",2009,0.366339275089869
2,"sponges",2009,1.93049268865762
14,"sponges",2009,1.45018579673114
7,"sponges",2009,0.519768288883945
11,"sponges",2009,0.512751495000679
5,"sponges",2009,0.0790014804580909
3,"sponges",2009,0.809486157621099
1,"sponges",2009,1.95803700337658
9,"sponges",2009,0.271489544102405
6,"sponges",2009,1.42614126247211
13,"sponges",2009,0.383774266510974
12,"sponges",2010,1.1958826568025
4,"sponges",2010,0.374920481477286
8,"sponges",2010,0.290885355783868
10,"sponges",2010,0.244226183393246
2,"sponges",2010,1.28699512577175
14,"sponges",2010,0.966790531154096
7,"sponges",2010,0.346512192589296
11,"sponges",2010,0.341834330000452
5,"sponges",2010,0.0526676536387273
3,"sponges",2010,0.539657438414066
1,"sponges",2010,1.30535800225105
9,"sponges",2010,0.180993029401603
6,"sponges",2010,0.950760841648071
13,"sponges",2010,0.255849511007316
12,"sponges",2011,1.50681214757116
4,"sponges",2011,0.47239980666138
8,"sponges",2011,0.366515548287674
10,"sponges",2011,0.30772499107549
2,"sponges",2011,1.6216138584724
14,"sponges",2011,1.21815606925416
7,"sponges",2011,0.436605362662514
11,"sponges",2011,0.43071125580057
5,"sponges",2011,0.0663612435847964
3,"sponges",2011,0.679968372401723
1,"sponges",2011,1.64475108283632
9,"sponges",2011,0.22805121704602
6,"sponges",2011,1.19795866047657
13,"sponges",2011,0.322370383869218
